sample_id,operation,duration_us
CRYPTO-00001,sha256,14
CRYPTO-00002,sha256,17
CRYPTO-00003,sha256,12
CRYPTO-00004,sha256,15
CRYPTO-00005,sha256,13
CRYPTO-00006,sha256,14
CRYPTO-00007,sha256,15
CRYPTO-00008,sha256,17
CRYPTO-00009,sha256,12
CRYPTO-00010,sha256,10
CRYPTO-00011,sha256,25
CRYPTO-00012,sha256,15
CRYPTO-00013,sha256,13
CRYPTO-00014,sha256,16
CRYPTO-00015,sha256,22
CRYPTO-00016,sha256,16
CRYPTO-00017,sha256,11
CRYPTO-00018,sha256,22
CRYPTO-00019,sha256,13
CRYPTO-00020,sha256,14
CRYPTO-00021,sha256,15
CRYPTO-00022,sha256,17
CRYPTO-00023,sha256,13
CRYPTO-00024,sha256,14
CRYPTO-00025,sha256,16
CRYPTO-00026,sha256,17
CRYPTO-00027,sha256,12
CRYPTO-00028,sha256,15
CRYPTO-00029,sha256,18
CRYPTO-00030,sha256,23
CRYPTO-00031,sha256,11
CRYPTO-00032,sha256,13
CRYPTO-00033,sha256,15
CRYPTO-00034,sha256,15
CRYPTO-00035,sha256,14
CRYPTO-00036,sha256,11
CRYPTO-00037,sha256,14
CRYPTO-00038,sha256,16
CRYPTO-00039,sha256,15
CRYPTO-00040,sha256,10
CRYPTO-00041,sha256,22
CRYPTO-00042,sha256,13
CRYPTO-00043,sha256,12
CRYPTO-00044,sha256,15
CRYPTO-00045,sha256,14
CRYPTO-00046,sha256,14
CRYPTO-00047,sha256,12
CRYPTO-00048,sha256,20
CRYPTO-00049,sha256,8
CRYPTO-00050,sha256,14
CRYPTO-00051,sha256,16
CRYPTO-00052,sha256,19
CRYPTO-00053,sha256,13
CRYPTO-00054,sha256,16
CRYPTO-00055,sha256,11
CRYPTO-00056,sha256,11
CRYPTO-00057,sha256,12
CRYPTO-00058,sha256,15
CRYPTO-00059,sha256,19
CRYPTO-00060,sha256,13
CRYPTO-00061,sha256,18
CRYPTO-00062,sha256,12
CRYPTO-00063,sha256,14
CRYPTO-00064,sha256,13
CRYPTO-00065,sha256,20
CRYPTO-00066,sha256,17
CRYPTO-00067,sha256,17
CRYPTO-00068,sha256,16
CRYPTO-00069,sha256,13
CRYPTO-00070,sha256,16
CRYPTO-00071,sha256,15
CRYPTO-00072,sha256,18
CRYPTO-00073,sha256,15
CRYPTO-00074,sha256,12
CRYPTO-00075,sha256,17
CRYPTO-00076,sha256,17
CRYPTO-00077,sha256,16
CRYPTO-00078,sha256,14
CRYPTO-00079,sha256,17
CRYPTO-00080,sha256,18
CRYPTO-00081,sha256,22
CRYPTO-00082,sha256,11
CRYPTO-00083,sha256,13
CRYPTO-00084,sha256,10
CRYPTO-00085,sha256,19
CRYPTO-00086,sha256,14
CRYPTO-00087,sha256,14
CRYPTO-00088,sha256,19
CRYPTO-00089,sha256,17
CRYPTO-00090,sha256,21
CRYPTO-00091,sha256,11
CRYPTO-00092,sha256,18
CRYPTO-00093,sha256,15
CRYPTO-00094,sha256,12
CRYPTO-00095,sha256,15
CRYPTO-00096,sha256,18
CRYPTO-00097,sha256,18
CRYPTO-00098,sha256,12
CRYPTO-00099,sha256,15
CRYPTO-00100,sha256,24
CRYPTO-00101,sha256,25
CRYPTO-00102,sha256,16
CRYPTO-00103,sha256,16
CRYPTO-00104,sha256,16
CRYPTO-00105,sha256,16
CRYPTO-00106,sha256,18
CRYPTO-00107,sha256,18
CRYPTO-00108,sha256,12
CRYPTO-00109,sha256,19
CRYPTO-00110,sha256,12
CRYPTO-00111,sha256,16
CRYPTO-00112,sha256,13
CRYPTO-00113,sha256,21
CRYPTO-00114,sha256,14
CRYPTO-00115,sha256,16
CRYPTO-00116,sha256,12
CRYPTO-00117,sha256,18
CRYPTO-00118,sha256,14
CRYPTO-00119,sha256,21
CRYPTO-00120,sha256,17
CRYPTO-00121,sha256,18
CRYPTO-00122,sha256,16
CRYPTO-00123,sha256,20
CRYPTO-00124,sha256,12
CRYPTO-00125,sha256,11
CRYPTO-00126,sha256,14
CRYPTO-00127,sha256,14
CRYPTO-00128,sha256,10
CRYPTO-00129,sha256,18
CRYPTO-00130,sha256,16
CRYPTO-00131,sha256,15
CRYPTO-00132,sha256,14
CRYPTO-00133,sha256,11
CRYPTO-00134,sha256,17
CRYPTO-00135,sha256,20
CRYPTO-00136,sha256,15
CRYPTO-00137,sha256,15
CRYPTO-00138,sha256,18
CRYPTO-00139,sha256,15
CRYPTO-00140,sha256,22
CRYPTO-00141,sha256,15
CRYPTO-00142,sha256,14
CRYPTO-00143,sha256,11
CRYPTO-00144,sha256,13
CRYPTO-00145,sha256,23
CRYPTO-00146,sha256,12
CRYPTO-00147,sha256,14
CRYPTO-00148,sha256,19
CRYPTO-00149,sha256,18
CRYPTO-00150,sha256,17
CRYPTO-00151,sha256,15
CRYPTO-00152,sha256,13
CRYPTO-00153,sha256,11
CRYPTO-00154,sha256,16
CRYPTO-00155,sha256,12
CRYPTO-00156,sha256,18
CRYPTO-00157,sha256,16
CRYPTO-00158,sha256,16
CRYPTO-00159,sha256,14
CRYPTO-00160,sha256,12
CRYPTO-00161,sha256,17
CRYPTO-00162,sha256,13
CRYPTO-00163,sha256,18
CRYPTO-00164,sha256,12
CRYPTO-00165,sha256,15
CRYPTO-00166,sha256,19
CRYPTO-00167,sha256,18
CRYPTO-00168,sha256,15
CRYPTO-00169,sha256,21
CRYPTO-00170,sha256,13
CRYPTO-00171,sha256,14
CRYPTO-00172,sha256,20
CRYPTO-00173,sha256,14
CRYPTO-00174,sha256,15
CRYPTO-00175,sha256,16
CRYPTO-00176,sha256,15
CRYPTO-00177,sha256,14
CRYPTO-00178,sha256,17
CRYPTO-00179,sha256,11
CRYPTO-00180,sha256,14
CRYPTO-00181,sha256,12
CRYPTO-00182,sha256,16
CRYPTO-00183,sha256,15
CRYPTO-00184,sha256,14
CRYPTO-00185,sha256,12
CRYPTO-00186,sha256,15
CRYPTO-00187,sha256,16
CRYPTO-00188,sha256,14
CRYPTO-00189,sha256,12
CRYPTO-00190,sha256,12
CRYPTO-00191,sha256,15
CRYPTO-00192,sha256,11
CRYPTO-00193,sha256,18
CRYPTO-00194,sha256,16
CRYPTO-00195,sha256,18
CRYPTO-00196,sha256,12
CRYPTO-00197,sha256,11
CRYPTO-00198,sha256,18
CRYPTO-00199,sha256,16
CRYPTO-00200,sha256,13
CRYPTO-00201,sha256,17
CRYPTO-00202,sha256,16
CRYPTO-00203,sha256,15
CRYPTO-00204,sha256,12
CRYPTO-00205,sha256,13
CRYPTO-00206,sha256,12
CRYPTO-00207,sha256,18
CRYPTO-00208,sha256,11
CRYPTO-00209,sha256,12
CRYPTO-00210,sha256,19
CRYPTO-00211,sha256,15
CRYPTO-00212,sha256,18
CRYPTO-00213,sha256,17
CRYPTO-00214,sha256,16
CRYPTO-00215,sha256,15
CRYPTO-00216,sha256,12
CRYPTO-00217,sha256,11
CRYPTO-00218,sha256,15
CRYPTO-00219,sha256,14
CRYPTO-00220,sha256,15
CRYPTO-00221,sha256,16
CRYPTO-00222,sha256,10
CRYPTO-00223,sha256,13
CRYPTO-00224,sha256,15
CRYPTO-00225,sha256,10
CRYPTO-00226,sha256,18
CRYPTO-00227,sha256,12
CRYPTO-00228,sha256,12
CRYPTO-00229,sha256,16
CRYPTO-00230,sha256,12
CRYPTO-00231,sha256,18
CRYPTO-00232,sha256,12
CRYPTO-00233,sha256,17
CRYPTO-00234,sha256,17
CRYPTO-00235,sha256,12
CRYPTO-00236,sha256,11
CRYPTO-00237,sha256,14
CRYPTO-00238,sha256,20
CRYPTO-00239,sha256,15
CRYPTO-00240,sha256,21
CRYPTO-00241,sha256,15
CRYPTO-00242,sha256,14
CRYPTO-00243,sha256,13
CRYPTO-00244,sha256,15
CRYPTO-00245,sha256,14
CRYPTO-00246,sha256,16
CRYPTO-00247,sha256,13
CRYPTO-00248,sha256,12
CRYPTO-00249,sha256,14
CRYPTO-00250,sha256,12
CRYPTO-00251,sha256,15
CRYPTO-00252,sha256,12
CRYPTO-00253,sha256,18
CRYPTO-00254,sha256,18
CRYPTO-00255,sha256,14
CRYPTO-00256,sha256,13
CRYPTO-00257,sha256,16
CRYPTO-00258,sha256,15
CRYPTO-00259,sha256,14
CRYPTO-00260,sha256,13
CRYPTO-00261,sha256,12
CRYPTO-00262,sha256,17
CRYPTO-00263,sha256,20
CRYPTO-00264,sha256,17
CRYPTO-00265,sha256,19
CRYPTO-00266,sha256,17
CRYPTO-00267,sha256,16
CRYPTO-00268,sha256,17
CRYPTO-00269,sha256,12
CRYPTO-00270,sha256,13
CRYPTO-00271,sha256,17
CRYPTO-00272,sha256,17
CRYPTO-00273,sha256,15
CRYPTO-00274,sha256,13
CRYPTO-00275,sha256,15
CRYPTO-00276,sha256,17
CRYPTO-00277,sha256,18
CRYPTO-00278,sha256,12
CRYPTO-00279,sha256,20
CRYPTO-00280,sha256,13
CRYPTO-00281,sha256,11
CRYPTO-00282,sha256,11
CRYPTO-00283,sha256,13
CRYPTO-00284,sha256,14
CRYPTO-00285,sha256,12
CRYPTO-00286,sha256,17
CRYPTO-00287,sha256,18
CRYPTO-00288,sha256,13
CRYPTO-00289,sha256,13
CRYPTO-00290,sha256,16
CRYPTO-00291,sha256,13
CRYPTO-00292,sha256,14
CRYPTO-00293,sha256,17
CRYPTO-00294,sha256,12
CRYPTO-00295,sha256,15
CRYPTO-00296,sha256,16
CRYPTO-00297,sha256,12
CRYPTO-00298,sha256,12
CRYPTO-00299,sha256,11
CRYPTO-00300,sha256,19
CRYPTO-00301,ed25519_sign,945
CRYPTO-00302,ed25519_sign,807
CRYPTO-00303,ed25519_sign,1113
CRYPTO-00304,ed25519_sign,959
CRYPTO-00305,ed25519_sign,937
CRYPTO-00306,ed25519_sign,893
CRYPTO-00307,ed25519_sign,906
CRYPTO-00308,ed25519_sign,892
CRYPTO-00309,ed25519_sign,895
CRYPTO-00310,ed25519_sign,875
CRYPTO-00311,ed25519_sign,852
CRYPTO-00312,ed25519_sign,846
CRYPTO-00313,ed25519_sign,761
CRYPTO-00314,ed25519_sign,841
CRYPTO-00315,ed25519_sign,874
CRYPTO-00316,ed25519_sign,740
CRYPTO-00317,ed25519_sign,897
CRYPTO-00318,ed25519_sign,852
CRYPTO-00319,ed25519_sign,892
CRYPTO-00320,ed25519_sign,1066
CRYPTO-00321,ed25519_sign,887
CRYPTO-00322,ed25519_sign,922
CRYPTO-00323,ed25519_sign,787
CRYPTO-00324,ed25519_sign,924
CRYPTO-00325,ed25519_sign,851
CRYPTO-00326,ed25519_sign,816
CRYPTO-00327,ed25519_sign,829
CRYPTO-00328,ed25519_sign,1020
CRYPTO-00329,ed25519_sign,972
CRYPTO-00330,ed25519_sign,843
CRYPTO-00331,ed25519_sign,862
CRYPTO-00332,ed25519_sign,939
CRYPTO-00333,ed25519_sign,971
CRYPTO-00334,ed25519_sign,882
CRYPTO-00335,ed25519_sign,869
CRYPTO-00336,ed25519_sign,876
CRYPTO-00337,ed25519_sign,928
CRYPTO-00338,ed25519_sign,789
CRYPTO-00339,ed25519_sign,1133
CRYPTO-00340,ed25519_sign,944
CRYPTO-00341,ed25519_sign,985
CRYPTO-00342,ed25519_sign,799
CRYPTO-00343,ed25519_sign,754
CRYPTO-00344,ed25519_sign,889
CRYPTO-00345,ed25519_sign,828
CRYPTO-00346,ed25519_sign,892
CRYPTO-00347,ed25519_sign,1051
CRYPTO-00348,ed25519_sign,701
CRYPTO-00349,ed25519_sign,917
CRYPTO-00350,ed25519_sign,899
CRYPTO-00351,ed25519_sign,847
CRYPTO-00352,ed25519_sign,1039
CRYPTO-00353,ed25519_sign,904
CRYPTO-00354,ed25519_sign,996
CRYPTO-00355,ed25519_sign,810
CRYPTO-00356,ed25519_sign,969
CRYPTO-00357,ed25519_sign,902
CRYPTO-00358,ed25519_sign,883
CRYPTO-00359,ed25519_sign,914
CRYPTO-00360,ed25519_sign,1002
CRYPTO-00361,ed25519_sign,941
CRYPTO-00362,ed25519_sign,963
CRYPTO-00363,ed25519_sign,968
CRYPTO-00364,ed25519_sign,945
CRYPTO-00365,ed25519_sign,842
CRYPTO-00366,ed25519_sign,992
CRYPTO-00367,ed25519_sign,944
CRYPTO-00368,ed25519_sign,852
CRYPTO-00369,ed25519_sign,902
CRYPTO-00370,ed25519_sign,907
CRYPTO-00371,ed25519_sign,830
CRYPTO-00372,ed25519_sign,946
CRYPTO-00373,ed25519_sign,967
CRYPTO-00374,ed25519_sign,926
CRYPTO-00375,ed25519_sign,781
CRYPTO-00376,ed25519_sign,976
CRYPTO-00377,ed25519_sign,897
CRYPTO-00378,ed25519_sign,1053
CRYPTO-00379,ed25519_sign,764
CRYPTO-00380,ed25519_sign,954
CRYPTO-00381,ed25519_sign,761
CRYPTO-00382,ed25519_sign,989
CRYPTO-00383,ed25519_sign,839
CRYPTO-00384,ed25519_sign,943
CRYPTO-00385,ed25519_sign,706
CRYPTO-00386,ed25519_sign,792
CRYPTO-00387,ed25519_sign,744
CRYPTO-00388,ed25519_sign,919
CRYPTO-00389,ed25519_sign,824
CRYPTO-00390,ed25519_sign,923
CRYPTO-00391,ed25519_sign,933
CRYPTO-00392,ed25519_sign,777
CRYPTO-00393,ed25519_sign,770
CRYPTO-00394,ed25519_sign,968
CRYPTO-00395,ed25519_sign,874
CRYPTO-00396,ed25519_sign,865
CRYPTO-00397,ed25519_sign,836
CRYPTO-00398,ed25519_sign,828
CRYPTO-00399,ed25519_sign,869
CRYPTO-00400,ed25519_sign,1067
CRYPTO-00401,ed25519_sign,889
CRYPTO-00402,ed25519_sign,939
CRYPTO-00403,ed25519_sign,1043
CRYPTO-00404,ed25519_sign,936
CRYPTO-00405,ed25519_sign,961
CRYPTO-00406,ed25519_sign,832
CRYPTO-00407,ed25519_sign,969
CRYPTO-00408,ed25519_sign,1088
CRYPTO-00409,ed25519_sign,853
CRYPTO-00410,ed25519_sign,885
CRYPTO-00411,ed25519_sign,871
CRYPTO-00412,ed25519_sign,970
CRYPTO-00413,ed25519_sign,942
CRYPTO-00414,ed25519_sign,794
CRYPTO-00415,ed25519_sign,748
CRYPTO-00416,ed25519_sign,915
CRYPTO-00417,ed25519_sign,974
CRYPTO-00418,ed25519_sign,856
CRYPTO-00419,ed25519_sign,924
CRYPTO-00420,ed25519_sign,1072
CRYPTO-00421,ed25519_sign,879
CRYPTO-00422,ed25519_sign,1017
CRYPTO-00423,ed25519_sign,877
CRYPTO-00424,ed25519_sign,949
CRYPTO-00425,ed25519_sign,945
CRYPTO-00426,ed25519_sign,933
CRYPTO-00427,ed25519_sign,919
CRYPTO-00428,ed25519_sign,942
CRYPTO-00429,ed25519_sign,754
CRYPTO-00430,ed25519_sign,706
CRYPTO-00431,ed25519_sign,1079
CRYPTO-00432,ed25519_sign,815
CRYPTO-00433,ed25519_sign,842
CRYPTO-00434,ed25519_sign,954
CRYPTO-00435,ed25519_sign,916
CRYPTO-00436,ed25519_sign,923
CRYPTO-00437,ed25519_sign,857
CRYPTO-00438,ed25519_sign,1026
CRYPTO-00439,ed25519_sign,802
CRYPTO-00440,ed25519_sign,973
CRYPTO-00441,ed25519_sign,912
CRYPTO-00442,ed25519_sign,922
CRYPTO-00443,ed25519_sign,755
CRYPTO-00444,ed25519_sign,864
CRYPTO-00445,ed25519_sign,921
CRYPTO-00446,ed25519_sign,845
CRYPTO-00447,ed25519_sign,976
CRYPTO-00448,ed25519_sign,1013
CRYPTO-00449,ed25519_sign,846
CRYPTO-00450,ed25519_sign,912
CRYPTO-00451,ed25519_sign,930
CRYPTO-00452,ed25519_sign,873
CRYPTO-00453,ed25519_sign,911
CRYPTO-00454,ed25519_sign,854
CRYPTO-00455,ed25519_sign,968
CRYPTO-00456,ed25519_sign,799
CRYPTO-00457,ed25519_sign,788
CRYPTO-00458,ed25519_sign,940
CRYPTO-00459,ed25519_sign,862
CRYPTO-00460,ed25519_sign,982
CRYPTO-00461,ed25519_sign,906
CRYPTO-00462,ed25519_sign,813
CRYPTO-00463,ed25519_sign,887
CRYPTO-00464,ed25519_sign,809
CRYPTO-00465,ed25519_sign,915
CRYPTO-00466,ed25519_sign,821
CRYPTO-00467,ed25519_sign,855
CRYPTO-00468,ed25519_sign,855
CRYPTO-00469,ed25519_sign,993
CRYPTO-00470,ed25519_sign,758
CRYPTO-00471,ed25519_sign,836
CRYPTO-00472,ed25519_sign,816
CRYPTO-00473,ed25519_sign,922
CRYPTO-00474,ed25519_sign,856
CRYPTO-00475,ed25519_sign,883
CRYPTO-00476,ed25519_sign,758
CRYPTO-00477,ed25519_sign,725
CRYPTO-00478,ed25519_sign,939
CRYPTO-00479,ed25519_sign,871
CRYPTO-00480,ed25519_sign,1044
CRYPTO-00481,ed25519_sign,896
CRYPTO-00482,ed25519_sign,868
CRYPTO-00483,ed25519_sign,974
CRYPTO-00484,ed25519_sign,967
CRYPTO-00485,ed25519_sign,964
CRYPTO-00486,ed25519_sign,906
CRYPTO-00487,ed25519_sign,833
CRYPTO-00488,ed25519_sign,865
CRYPTO-00489,ed25519_sign,724
CRYPTO-00490,ed25519_sign,926
CRYPTO-00491,ed25519_sign,743
CRYPTO-00492,ed25519_sign,969
CRYPTO-00493,ed25519_sign,906
CRYPTO-00494,ed25519_sign,936
CRYPTO-00495,ed25519_sign,1106
CRYPTO-00496,ed25519_sign,835
CRYPTO-00497,ed25519_sign,1060
CRYPTO-00498,ed25519_sign,899
CRYPTO-00499,ed25519_sign,680
CRYPTO-00500,ed25519_sign,831
CRYPTO-00501,ed25519_sign,887
CRYPTO-00502,ed25519_sign,861
CRYPTO-00503,ed25519_sign,736
CRYPTO-00504,ed25519_sign,855
CRYPTO-00505,ed25519_sign,1021
CRYPTO-00506,ed25519_sign,854
CRYPTO-00507,ed25519_sign,947
CRYPTO-00508,ed25519_sign,844
CRYPTO-00509,ed25519_sign,837
CRYPTO-00510,ed25519_sign,751
CRYPTO-00511,ed25519_sign,908
CRYPTO-00512,ed25519_sign,1040
CRYPTO-00513,ed25519_sign,877
CRYPTO-00514,ed25519_sign,985
CRYPTO-00515,ed25519_sign,889
CRYPTO-00516,ed25519_sign,970
CRYPTO-00517,ed25519_sign,876
CRYPTO-00518,ed25519_sign,820
CRYPTO-00519,ed25519_sign,988
CRYPTO-00520,ed25519_sign,994
CRYPTO-00521,ed25519_sign,805
CRYPTO-00522,ed25519_sign,875
CRYPTO-00523,ed25519_sign,775
CRYPTO-00524,ed25519_sign,950
CRYPTO-00525,ed25519_sign,812
CRYPTO-00526,ed25519_sign,859
CRYPTO-00527,ed25519_sign,916
CRYPTO-00528,ed25519_sign,821
CRYPTO-00529,ed25519_sign,800
CRYPTO-00530,ed25519_sign,927
CRYPTO-00531,ed25519_sign,871
CRYPTO-00532,ed25519_sign,670
CRYPTO-00533,ed25519_sign,819
CRYPTO-00534,ed25519_sign,931
CRYPTO-00535,ed25519_sign,893
CRYPTO-00536,ed25519_sign,845
CRYPTO-00537,ed25519_sign,889
CRYPTO-00538,ed25519_sign,962
CRYPTO-00539,ed25519_sign,907
CRYPTO-00540,ed25519_sign,990
CRYPTO-00541,ed25519_sign,717
CRYPTO-00542,ed25519_sign,851
CRYPTO-00543,ed25519_sign,817
CRYPTO-00544,ed25519_sign,888
CRYPTO-00545,ed25519_sign,769
CRYPTO-00546,ed25519_sign,762
CRYPTO-00547,ed25519_sign,724
CRYPTO-00548,ed25519_sign,1003
CRYPTO-00549,ed25519_sign,1028
CRYPTO-00550,ed25519_sign,780
CRYPTO-00551,ed25519_sign,843
CRYPTO-00552,ed25519_sign,1229
CRYPTO-00553,ed25519_sign,802
CRYPTO-00554,ed25519_sign,1029
CRYPTO-00555,ed25519_sign,1029
CRYPTO-00556,ed25519_sign,944
CRYPTO-00557,ed25519_sign,846
CRYPTO-00558,ed25519_sign,826
CRYPTO-00559,ed25519_sign,815
CRYPTO-00560,ed25519_sign,859
CRYPTO-00561,ed25519_sign,951
CRYPTO-00562,ed25519_sign,1013
CRYPTO-00563,ed25519_sign,930
CRYPTO-00564,ed25519_sign,1007
CRYPTO-00565,ed25519_sign,976
CRYPTO-00566,ed25519_sign,1025
CRYPTO-00567,ed25519_sign,934
CRYPTO-00568,ed25519_sign,884
CRYPTO-00569,ed25519_sign,1064
CRYPTO-00570,ed25519_sign,858
CRYPTO-00571,ed25519_sign,921
CRYPTO-00572,ed25519_sign,956
CRYPTO-00573,ed25519_sign,798
CRYPTO-00574,ed25519_sign,847
CRYPTO-00575,ed25519_sign,854
CRYPTO-00576,ed25519_sign,843
CRYPTO-00577,ed25519_sign,774
CRYPTO-00578,ed25519_sign,862
CRYPTO-00579,ed25519_sign,1053
CRYPTO-00580,ed25519_sign,796
CRYPTO-00581,ed25519_sign,808
CRYPTO-00582,ed25519_sign,828
CRYPTO-00583,ed25519_sign,949
CRYPTO-00584,ed25519_sign,948
CRYPTO-00585,ed25519_sign,999
CRYPTO-00586,ed25519_sign,798
CRYPTO-00587,ed25519_sign,986
CRYPTO-00588,ed25519_sign,958
CRYPTO-00589,ed25519_sign,1063
CRYPTO-00590,ed25519_sign,943
CRYPTO-00591,ed25519_sign,991
CRYPTO-00592,ed25519_sign,812
CRYPTO-00593,ed25519_sign,913
CRYPTO-00594,ed25519_sign,876
CRYPTO-00595,ed25519_sign,1029
CRYPTO-00596,ed25519_sign,797
CRYPTO-00597,ed25519_sign,1025
CRYPTO-00598,ed25519_sign,929
CRYPTO-00599,ed25519_sign,773
CRYPTO-00600,ed25519_sign,811
CRYPTO-00601,ed25519_verify,84
CRYPTO-00602,ed25519_verify,113
CRYPTO-00603,ed25519_verify,144
CRYPTO-00604,ed25519_verify,99
CRYPTO-00605,ed25519_verify,117
CRYPTO-00606,ed25519_verify,118
CRYPTO-00607,ed25519_verify,106
CRYPTO-00608,ed25519_verify,115
CRYPTO-00609,ed25519_verify,114
CRYPTO-00610,ed25519_verify,87
CRYPTO-00611,ed25519_verify,115
CRYPTO-00612,ed25519_verify,93
CRYPTO-00613,ed25519_verify,66
CRYPTO-00614,ed25519_verify,129
CRYPTO-00615,ed25519_verify,95
CRYPTO-00616,ed25519_verify,83
CRYPTO-00617,ed25519_verify,106
CRYPTO-00618,ed25519_verify,96
CRYPTO-00619,ed25519_verify,84
CRYPTO-00620,ed25519_verify,117
CRYPTO-00621,ed25519_verify,96
CRYPTO-00622,ed25519_verify,130
CRYPTO-00623,ed25519_verify,93
CRYPTO-00624,ed25519_verify,94
CRYPTO-00625,ed25519_verify,75
CRYPTO-00626,ed25519_verify,68
CRYPTO-00627,ed25519_verify,138
CRYPTO-00628,ed25519_verify,96
CRYPTO-00629,ed25519_verify,88
CRYPTO-00630,ed25519_verify,111
CRYPTO-00631,ed25519_verify,115
CRYPTO-00632,ed25519_verify,79
CRYPTO-00633,ed25519_verify,93
CRYPTO-00634,ed25519_verify,109
CRYPTO-00635,ed25519_verify,107
CRYPTO-00636,ed25519_verify,91
CRYPTO-00637,ed25519_verify,98
CRYPTO-00638,ed25519_verify,97
CRYPTO-00639,ed25519_verify,82
CRYPTO-00640,ed25519_verify,139
CRYPTO-00641,ed25519_verify,107
CRYPTO-00642,ed25519_verify,100
CRYPTO-00643,ed25519_verify,73
CRYPTO-00644,ed25519_verify,98
CRYPTO-00645,ed25519_verify,105
CRYPTO-00646,ed25519_verify,103
CRYPTO-00647,ed25519_verify,91
CRYPTO-00648,ed25519_verify,91
CRYPTO-00649,ed25519_verify,120
CRYPTO-00650,ed25519_verify,68
CRYPTO-00651,ed25519_verify,84
CRYPTO-00652,ed25519_verify,77
CRYPTO-00653,ed25519_verify,97
CRYPTO-00654,ed25519_verify,107
CRYPTO-00655,ed25519_verify,100
CRYPTO-00656,ed25519_verify,91
CRYPTO-00657,ed25519_verify,89
CRYPTO-00658,ed25519_verify,93
CRYPTO-00659,ed25519_verify,82
CRYPTO-00660,ed25519_verify,160
CRYPTO-00661,ed25519_verify,106
CRYPTO-00662,ed25519_verify,89
CRYPTO-00663,ed25519_verify,76
CRYPTO-00664,ed25519_verify,86
CRYPTO-00665,ed25519_verify,90
CRYPTO-00666,ed25519_verify,89
CRYPTO-00667,ed25519_verify,105
CRYPTO-00668,ed25519_verify,79
CRYPTO-00669,ed25519_verify,97
CRYPTO-00670,ed25519_verify,104
CRYPTO-00671,ed25519_verify,89
CRYPTO-00672,ed25519_verify,65
CRYPTO-00673,ed25519_verify,140
CRYPTO-00674,ed25519_verify,148
CRYPTO-00675,ed25519_verify,94
CRYPTO-00676,ed25519_verify,78
CRYPTO-00677,ed25519_verify,78
CRYPTO-00678,ed25519_verify,77
CRYPTO-00679,ed25519_verify,96
CRYPTO-00680,ed25519_verify,149
CRYPTO-00681,ed25519_verify,72
CRYPTO-00682,ed25519_verify,97
CRYPTO-00683,ed25519_verify,90
CRYPTO-00684,ed25519_verify,80
CRYPTO-00685,ed25519_verify,84
CRYPTO-00686,ed25519_verify,131
CRYPTO-00687,ed25519_verify,86
CRYPTO-00688,ed25519_verify,88
CRYPTO-00689,ed25519_verify,106
CRYPTO-00690,ed25519_verify,122
CRYPTO-00691,ed25519_verify,96
CRYPTO-00692,ed25519_verify,118
CRYPTO-00693,ed25519_verify,102
CRYPTO-00694,ed25519_verify,105
CRYPTO-00695,ed25519_verify,96
CRYPTO-00696,ed25519_verify,132
CRYPTO-00697,ed25519_verify,128
CRYPTO-00698,ed25519_verify,94
CRYPTO-00699,ed25519_verify,131
CRYPTO-00700,ed25519_verify,84
CRYPTO-00701,ed25519_verify,81
CRYPTO-00702,ed25519_verify,72
CRYPTO-00703,ed25519_verify,146
CRYPTO-00704,ed25519_verify,88
CRYPTO-00705,ed25519_verify,112
CRYPTO-00706,ed25519_verify,100
CRYPTO-00707,ed25519_verify,81
CRYPTO-00708,ed25519_verify,97
CRYPTO-00709,ed25519_verify,83
CRYPTO-00710,ed25519_verify,82
CRYPTO-00711,ed25519_verify,118
CRYPTO-00712,ed25519_verify,105
CRYPTO-00713,ed25519_verify,95
CRYPTO-00714,ed25519_verify,118
CRYPTO-00715,ed25519_verify,108
CRYPTO-00716,ed25519_verify,99
CRYPTO-00717,ed25519_verify,107
CRYPTO-00718,ed25519_verify,80
CRYPTO-00719,ed25519_verify,104
CRYPTO-00720,ed25519_verify,64
CRYPTO-00721,ed25519_verify,98
CRYPTO-00722,ed25519_verify,101
CRYPTO-00723,ed25519_verify,98
CRYPTO-00724,ed25519_verify,88
CRYPTO-00725,ed25519_verify,51
CRYPTO-00726,ed25519_verify,116
CRYPTO-00727,ed25519_verify,80
CRYPTO-00728,ed25519_verify,88
CRYPTO-00729,ed25519_verify,118
CRYPTO-00730,ed25519_verify,136
CRYPTO-00731,ed25519_verify,123
CRYPTO-00732,ed25519_verify,192
CRYPTO-00733,ed25519_verify,136
CRYPTO-00734,ed25519_verify,119
CRYPTO-00735,ed25519_verify,107
CRYPTO-00736,ed25519_verify,115
CRYPTO-00737,ed25519_verify,102
CRYPTO-00738,ed25519_verify,88
CRYPTO-00739,ed25519_verify,77
CRYPTO-00740,ed25519_verify,87
CRYPTO-00741,ed25519_verify,94
CRYPTO-00742,ed25519_verify,105
CRYPTO-00743,ed25519_verify,98
CRYPTO-00744,ed25519_verify,119
CRYPTO-00745,ed25519_verify,95
CRYPTO-00746,ed25519_verify,107
CRYPTO-00747,ed25519_verify,119
CRYPTO-00748,ed25519_verify,106
CRYPTO-00749,ed25519_verify,138
CRYPTO-00750,ed25519_verify,88
CRYPTO-00751,ed25519_verify,90
CRYPTO-00752,ed25519_verify,107
CRYPTO-00753,ed25519_verify,97
CRYPTO-00754,ed25519_verify,86
CRYPTO-00755,ed25519_verify,112
CRYPTO-00756,ed25519_verify,75
CRYPTO-00757,ed25519_verify,70
CRYPTO-00758,ed25519_verify,119
CRYPTO-00759,ed25519_verify,111
CRYPTO-00760,ed25519_verify,92
CRYPTO-00761,ed25519_verify,87
CRYPTO-00762,ed25519_verify,118
CRYPTO-00763,ed25519_verify,77
CRYPTO-00764,ed25519_verify,86
CRYPTO-00765,ed25519_verify,94
CRYPTO-00766,ed25519_verify,106
CRYPTO-00767,ed25519_verify,99
CRYPTO-00768,ed25519_verify,113
CRYPTO-00769,ed25519_verify,85
CRYPTO-00770,ed25519_verify,93
CRYPTO-00771,ed25519_verify,90
CRYPTO-00772,ed25519_verify,89
CRYPTO-00773,ed25519_verify,142
CRYPTO-00774,ed25519_verify,110
CRYPTO-00775,ed25519_verify,117
CRYPTO-00776,ed25519_verify,96
CRYPTO-00777,ed25519_verify,126
CRYPTO-00778,ed25519_verify,115
CRYPTO-00779,ed25519_verify,116
CRYPTO-00780,ed25519_verify,97
CRYPTO-00781,ed25519_verify,92
CRYPTO-00782,ed25519_verify,95
CRYPTO-00783,ed25519_verify,97
CRYPTO-00784,ed25519_verify,65
CRYPTO-00785,ed25519_verify,92
CRYPTO-00786,ed25519_verify,91
CRYPTO-00787,ed25519_verify,89
CRYPTO-00788,ed25519_verify,93
CRYPTO-00789,ed25519_verify,119
CRYPTO-00790,ed25519_verify,108
CRYPTO-00791,ed25519_verify,131
CRYPTO-00792,ed25519_verify,95
CRYPTO-00793,ed25519_verify,96
CRYPTO-00794,ed25519_verify,89
CRYPTO-00795,ed25519_verify,135
CRYPTO-00796,ed25519_verify,99
CRYPTO-00797,ed25519_verify,80
CRYPTO-00798,ed25519_verify,86
CRYPTO-00799,ed25519_verify,108
CRYPTO-00800,ed25519_verify,109
CRYPTO-00801,ed25519_verify,126
CRYPTO-00802,ed25519_verify,98
CRYPTO-00803,ed25519_verify,118
CRYPTO-00804,ed25519_verify,103
CRYPTO-00805,ed25519_verify,140
CRYPTO-00806,ed25519_verify,81
CRYPTO-00807,ed25519_verify,81
CRYPTO-00808,ed25519_verify,120
CRYPTO-00809,ed25519_verify,64
CRYPTO-00810,ed25519_verify,122
CRYPTO-00811,ed25519_verify,73
CRYPTO-00812,ed25519_verify,115
CRYPTO-00813,ed25519_verify,83
CRYPTO-00814,ed25519_verify,132
CRYPTO-00815,ed25519_verify,94
CRYPTO-00816,ed25519_verify,132
CRYPTO-00817,ed25519_verify,88
CRYPTO-00818,ed25519_verify,123
CRYPTO-00819,ed25519_verify,101
CRYPTO-00820,ed25519_verify,115
CRYPTO-00821,ed25519_verify,97
CRYPTO-00822,ed25519_verify,97
CRYPTO-00823,ed25519_verify,119
CRYPTO-00824,ed25519_verify,81
CRYPTO-00825,ed25519_verify,131
CRYPTO-00826,ed25519_verify,71
CRYPTO-00827,ed25519_verify,89
CRYPTO-00828,ed25519_verify,94
CRYPTO-00829,ed25519_verify,79
CRYPTO-00830,ed25519_verify,122
CRYPTO-00831,ed25519_verify,101
CRYPTO-00832,ed25519_verify,102
CRYPTO-00833,ed25519_verify,136
CRYPTO-00834,ed25519_verify,88
CRYPTO-00835,ed25519_verify,109
CRYPTO-00836,ed25519_verify,108
CRYPTO-00837,ed25519_verify,78
CRYPTO-00838,ed25519_verify,128
CRYPTO-00839,ed25519_verify,94
CRYPTO-00840,ed25519_verify,114
CRYPTO-00841,ed25519_verify,120
CRYPTO-00842,ed25519_verify,108
CRYPTO-00843,ed25519_verify,106
CRYPTO-00844,ed25519_verify,130
CRYPTO-00845,ed25519_verify,93
CRYPTO-00846,ed25519_verify,132
CRYPTO-00847,ed25519_verify,103
CRYPTO-00848,ed25519_verify,103
CRYPTO-00849,ed25519_verify,146
CRYPTO-00850,ed25519_verify,84
CRYPTO-00851,ed25519_verify,110
CRYPTO-00852,ed25519_verify,79
CRYPTO-00853,ed25519_verify,77
CRYPTO-00854,ed25519_verify,114
CRYPTO-00855,ed25519_verify,85
CRYPTO-00856,ed25519_verify,130
CRYPTO-00857,ed25519_verify,128
CRYPTO-00858,ed25519_verify,121
CRYPTO-00859,ed25519_verify,121
CRYPTO-00860,ed25519_verify,114
CRYPTO-00861,ed25519_verify,127
CRYPTO-00862,ed25519_verify,134
CRYPTO-00863,ed25519_verify,93
CRYPTO-00864,ed25519_verify,94
CRYPTO-00865,ed25519_verify,117
CRYPTO-00866,ed25519_verify,117
CRYPTO-00867,ed25519_verify,116
CRYPTO-00868,ed25519_verify,98
CRYPTO-00869,ed25519_verify,146
CRYPTO-00870,ed25519_verify,101
CRYPTO-00871,ed25519_verify,79
CRYPTO-00872,ed25519_verify,98
CRYPTO-00873,ed25519_verify,106
CRYPTO-00874,ed25519_verify,99
CRYPTO-00875,ed25519_verify,85
CRYPTO-00876,ed25519_verify,97
CRYPTO-00877,ed25519_verify,96
CRYPTO-00878,ed25519_verify,124
CRYPTO-00879,ed25519_verify,103
CRYPTO-00880,ed25519_verify,74
CRYPTO-00881,ed25519_verify,96
CRYPTO-00882,ed25519_verify,124
CRYPTO-00883,ed25519_verify,121
CRYPTO-00884,ed25519_verify,96
CRYPTO-00885,ed25519_verify,84
CRYPTO-00886,ed25519_verify,89
CRYPTO-00887,ed25519_verify,80
CRYPTO-00888,ed25519_verify,89
CRYPTO-00889,ed25519_verify,88
CRYPTO-00890,ed25519_verify,72
CRYPTO-00891,ed25519_verify,68
CRYPTO-00892,ed25519_verify,112
CRYPTO-00893,ed25519_verify,129
CRYPTO-00894,ed25519_verify,126
CRYPTO-00895,ed25519_verify,108
CRYPTO-00896,ed25519_verify,150
CRYPTO-00897,ed25519_verify,91
CRYPTO-00898,ed25519_verify,107
CRYPTO-00899,ed25519_verify,76
CRYPTO-00900,ed25519_verify,97
