run_id,peer_count,start_timestamp,end_timestamp,host_id,session_id
PEER-04-R1,4,2025-10-01T09:00:00+01:00,2025-10-01T09:01:18+01:00,bench-host-01,peer-scaling-2025-10
PEER-08-R1,8,2025-10-01T14:01:18+01:00,2025-10-01T14:02:33+01:00,bench-host-01,peer-scaling-2025-10
PEER-16-R1,16,2025-10-01T19:02:33+01:00,2025-10-01T19:03:41+01:00,bench-host-01,peer-scaling-2025-10
PEER-32-R1,32,2025-10-02T00:03:41+01:00,2025-10-02T00:04:34+01:00,bench-host-01,peer-scaling-2025-10
PEER-08-R2,8,2025-10-02T05:04:34+01:00,2025-10-02T05:05:49+01:00,bench-host-01,peer-scaling-2025-10
PEER-16-R2,16,2025-10-02T10:05:49+01:00,2025-10-02T10:06:57+01:00,bench-host-01,peer-scaling-2025-10
PEER-32-R2,32,2025-10-02T15:06:57+01:00,2025-10-02T15:07:50+01:00,bench-host-01,peer-scaling-2025-10
PEER-04-R2,4,2025-10-02T20:07:50+01:00,2025-10-02T20:09:08+01:00,bench-host-01,peer-scaling-2025-10
PEER-16-R3,16,2025-10-03T01:09:08+01:00,2025-10-03T01:10:17+01:00,bench-host-01,peer-scaling-2025-10
PEER-32-R3,32,2025-10-03T06:10:17+01:00,2025-10-03T06:11:10+01:00,bench-host-01,peer-scaling-2025-10
PEER-04-R3,4,2025-10-03T11:11:10+01:00,2025-10-03T11:12:28+01:00,bench-host-01,peer-scaling-2025-10
PEER-08-R3,8,2025-10-03T16:12:28+01:00,2025-10-03T16:13:43+01:00,bench-host-01,peer-scaling-2025-10
PEER-32-R4,32,2025-10-03T21:13:43+01:00,2025-10-03T21:14:36+01:00,bench-host-01,peer-scaling-2025-10
PEER-04-R4,4,2025-10-04T02:14:36+01:00,2025-10-04T02:15:54+01:00,bench-host-01,peer-scaling-2025-10
PEER-08-R4,8,2025-10-04T07:15:54+01:00,2025-10-04T07:17:09+01:00,bench-host-01,peer-scaling-2025-10
PEER-16-R4,16,2025-10-04T12:17:09+01:00,2025-10-04T12:18:17+01:00,bench-host-01,peer-scaling-2025-10
PEER-04-R5,4,2025-10-04T17:18:17+01:00,2025-10-04T17:19:36+01:00,bench-host-01,peer-scaling-2025-10
PEER-32-R5,32,2025-10-04T22:19:36+01:00,2025-10-04T22:20:29+01:00,bench-host-01,peer-scaling-2025-10
PEER-16-R5,16,2025-10-05T03:20:29+01:00,2025-10-05T03:21:37+01:00,bench-host-01,peer-scaling-2025-10
PEER-08-R5,8,2025-10-05T08:21:37+01:00,2025-10-05T08:22:52+01:00,bench-host-01,peer-scaling-2025-10
PEER-32-R6,32,2025-10-05T13:22:52+01:00,2025-10-05T13:23:45+01:00,bench-host-01,peer-scaling-2025-10
PEER-16-R6,16,2025-10-05T18:23:45+01:00,2025-10-05T18:24:53+01:00,bench-host-01,peer-scaling-2025-10
PEER-08-R6,8,2025-10-05T23:24:53+01:00,2025-10-05T23:26:08+01:00,bench-host-01,peer-scaling-2025-10
PEER-04-R6,4,2025-10-06T04:26:08+01:00,2025-10-06T04:27:26+01:00,bench-host-01,peer-scaling-2025-10
PEER-16-R7,16,2025-10-06T09:27:26+01:00,2025-10-06T09:28:35+01:00,bench-host-01,peer-scaling-2025-10
PEER-08-R7,8,2025-10-06T14:28:35+01:00,2025-10-06T14:29:50+01:00,bench-host-01,peer-scaling-2025-10
PEER-04-R7,4,2025-10-06T19:29:50+01:00,2025-10-06T19:31:08+01:00,bench-host-01,peer-scaling-2025-10
PEER-32-R7,32,2025-10-07T00:31:08+01:00,2025-10-07T00:32:01+01:00,bench-host-01,peer-scaling-2025-10
PEER-08-R8,8,2025-10-07T05:32:01+01:00,2025-10-07T05:33:16+01:00,bench-host-01,peer-scaling-2025-10
PEER-04-R8,4,2025-10-07T10:33:16+01:00,2025-10-07T10:34:34+01:00,bench-host-01,peer-scaling-2025-10
PEER-32-R8,32,2025-10-07T15:34:34+01:00,2025-10-07T15:35:27+01:00,bench-host-01,peer-scaling-2025-10
PEER-16-R8,16,2025-10-07T20:35:27+01:00,2025-10-07T20:36:35+01:00,bench-host-01,peer-scaling-2025-10
