run_id,concurrency_level,condition,tps,duration_seconds,total_transactions,start_timestamp,end_timestamp,session_id
THR-010-BA-1,10,baseline,42.74,60.0,2565,2025-10-04T09:00:00+01:00,2025-10-04T09:01:00+01:00,throughput-2025-10
THR-010-HR-1,10,hrbac,37.49,60.0,2249,2025-10-04T09:01:10+01:00,2025-10-04T09:02:10+01:00,throughput-2025-10
THR-010-HR-2,10,hrbac,38.39,60.0,2303,2025-10-04T09:02:20+01:00,2025-10-04T09:03:20+01:00,throughput-2025-10
THR-010-BA-2,10,baseline,42.85,60.0,2571,2025-10-04T09:03:31+01:00,2025-10-04T09:04:31+01:00,throughput-2025-10
THR-010-BA-3,10,baseline,43.29,60.0,2597,2025-10-04T09:04:51+01:00,2025-10-04T09:05:51+01:00,throughput-2025-10
THR-010-HR-3,10,hrbac,38.12,60.0,2287,2025-10-04T09:06:08+01:00,2025-10-04T09:07:08+01:00,throughput-2025-10
THR-010-HR-4,10,hrbac,37.39,60.0,2243,2025-10-04T09:07:24+01:00,2025-10-04T09:08:24+01:00,throughput-2025-10
THR-010-BA-4,10,baseline,41.41,60.0,2485,2025-10-04T09:08:39+01:00,2025-10-04T09:09:39+01:00,throughput-2025-10
THR-010-HR-5,10,hrbac,38.09,60.0,2285,2025-10-04T09:10:04+01:00,2025-10-04T09:11:04+01:00,throughput-2025-10
THR-010-BA-5,10,baseline,41.71,60.0,2502,2025-10-04T09:11:18+01:00,2025-10-04T09:12:18+01:00,throughput-2025-10
THR-020-BA-1,20,baseline,50.76,60.0,3046,2025-10-04T09:12:29+01:00,2025-10-04T09:13:29+01:00,throughput-2025-10
THR-020-HR-1,20,hrbac,44.51,60.0,2671,2025-10-04T09:13:43+01:00,2025-10-04T09:14:43+01:00,throughput-2025-10
THR-020-HR-2,20,hrbac,46.68,60.0,2801,2025-10-04T09:14:58+01:00,2025-10-04T09:15:58+01:00,throughput-2025-10
THR-020-BA-2,20,baseline,53.1,60.0,3186,2025-10-04T09:16:21+01:00,2025-10-04T09:17:21+01:00,throughput-2025-10
THR-020-HR-3,20,hrbac,46.39,60.0,2784,2025-10-04T09:17:33+01:00,2025-10-04T09:18:33+01:00,throughput-2025-10
THR-020-BA-3,20,baseline,51.71,60.0,3103,2025-10-04T09:18:53+01:00,2025-10-04T09:19:53+01:00,throughput-2025-10
THR-020-BA-4,20,baseline,51.12,60.0,3067,2025-10-04T09:20:08+01:00,2025-10-04T09:21:08+01:00,throughput-2025-10
THR-020-HR-4,20,hrbac,45.91,60.0,2755,2025-10-04T09:21:20+01:00,2025-10-04T09:22:20+01:00,throughput-2025-10
THR-020-HR-5,20,hrbac,46.26,60.0,2775,2025-10-04T09:22:33+01:00,2025-10-04T09:23:33+01:00,throughput-2025-10
THR-020-BA-5,20,baseline,49.43,60.0,2966,2025-10-04T09:23:45+01:00,2025-10-04T09:24:45+01:00,throughput-2025-10
THR-030-BA-1,30,baseline,62.3,60.0,3738,2025-10-04T09:24:58+01:00,2025-10-04T09:25:58+01:00,throughput-2025-10
THR-030-HR-1,30,hrbac,54.66,60.0,3279,2025-10-04T09:26:10+01:00,2025-10-04T09:27:10+01:00,throughput-2025-10
THR-030-HR-2,30,hrbac,54.45,60.0,3267,2025-10-04T09:27:34+01:00,2025-10-04T09:28:34+01:00,throughput-2025-10
THR-030-BA-2,30,baseline,61.62,60.0,3697,2025-10-04T09:28:58+01:00,2025-10-04T09:29:58+01:00,throughput-2025-10
THR-030-BA-3,30,baseline,60.93,60.0,3656,2025-10-04T09:30:19+01:00,2025-10-04T09:31:19+01:00,throughput-2025-10
THR-030-HR-3,30,hrbac,56.4,60.0,3384,2025-10-04T09:31:40+01:00,2025-10-04T09:32:40+01:00,throughput-2025-10
THR-030-BA-4,30,baseline,59.85,60.0,3591,2025-10-04T09:32:54+01:00,2025-10-04T09:33:54+01:00,throughput-2025-10
THR-030-HR-4,30,hrbac,55.94,60.0,3356,2025-10-04T09:34:13+01:00,2025-10-04T09:35:13+01:00,throughput-2025-10
THR-030-HR-5,30,hrbac,54.76,60.0,3286,2025-10-04T09:35:35+01:00,2025-10-04T09:36:35+01:00,throughput-2025-10
THR-030-BA-5,30,baseline,61.18,60.0,3671,2025-10-04T09:36:52+01:00,2025-10-04T09:37:52+01:00,throughput-2025-10
THR-040-HR-1,40,hrbac,62.79,60.0,3767,2025-10-04T09:38:14+01:00,2025-10-04T09:39:14+01:00,throughput-2025-10
THR-040-BA-1,40,baseline,67.81,60.0,4069,2025-10-04T09:39:31+01:00,2025-10-04T09:40:31+01:00,throughput-2025-10
THR-040-HR-2,40,hrbac,61.81,60.0,3709,2025-10-04T09:40:54+01:00,2025-10-04T09:41:54+01:00,throughput-2025-10
THR-040-BA-2,40,baseline,70.5,60.0,4230,2025-10-04T09:42:14+01:00,2025-10-04T09:43:14+01:00,throughput-2025-10
THR-040-HR-3,40,hrbac,63.48,60.0,3809,2025-10-04T09:43:35+01:00,2025-10-04T09:44:35+01:00,throughput-2025-10
THR-040-BA-3,40,baseline,70.98,60.0,4259,2025-10-04T09:44:45+01:00,2025-10-04T09:45:45+01:00,throughput-2025-10
THR-040-BA-4,40,baseline,70.65,60.0,4239,2025-10-04T09:45:59+01:00,2025-10-04T09:46:59+01:00,throughput-2025-10
THR-040-HR-4,40,hrbac,64.52,60.0,3871,2025-10-04T09:47:10+01:00,2025-10-04T09:48:10+01:00,throughput-2025-10
THR-040-BA-5,40,baseline,72.66,60.0,4359,2025-10-04T09:48:33+01:00,2025-10-04T09:49:33+01:00,throughput-2025-10
THR-040-HR-5,40,hrbac,62.25,60.0,3735,2025-10-04T09:49:52+01:00,2025-10-04T09:50:52+01:00,throughput-2025-10
THR-050-BA-1,50,baseline,66.22,60.0,3973,2025-10-04T09:51:13+01:00,2025-10-04T09:52:13+01:00,throughput-2025-10
THR-050-HR-1,50,hrbac,63.22,60.0,3793,2025-10-04T09:52:35+01:00,2025-10-04T09:53:35+01:00,throughput-2025-10
THR-050-HR-2,50,hrbac,61.28,60.0,3677,2025-10-04T09:53:47+01:00,2025-10-04T09:54:47+01:00,throughput-2025-10
THR-050-BA-2,50,baseline,68.95,60.0,4137,2025-10-04T09:55:01+01:00,2025-10-04T09:56:01+01:00,throughput-2025-10
THR-050-BA-3,50,baseline,69.44,60.0,4167,2025-10-04T09:56:18+01:00,2025-10-04T09:57:18+01:00,throughput-2025-10
THR-050-HR-3,50,hrbac,62.58,60.0,3755,2025-10-04T09:57:34+01:00,2025-10-04T09:58:34+01:00,throughput-2025-10
THR-050-HR-4,50,hrbac,61.62,60.0,3697,2025-10-04T09:58:48+01:00,2025-10-04T09:59:48+01:00,throughput-2025-10
THR-050-BA-4,50,baseline,66.53,60.0,3992,2025-10-04T10:00:01+01:00,2025-10-04T10:01:01+01:00,throughput-2025-10
THR-050-HR-5,50,hrbac,62.19,60.0,3732,2025-10-04T10:01:26+01:00,2025-10-04T10:02:26+01:00,throughput-2025-10
THR-050-BA-5,50,baseline,70.07,60.0,4204,2025-10-04T10:02:40+01:00,2025-10-04T10:03:40+01:00,throughput-2025-10
THR-060-HR-1,60,hrbac,61.74,60.0,3704,2025-10-04T10:03:52+01:00,2025-10-04T10:04:52+01:00,throughput-2025-10
THR-060-BA-1,60,baseline,65.07,60.0,3904,2025-10-04T10:05:06+01:00,2025-10-04T10:06:06+01:00,throughput-2025-10
THR-060-HR-2,60,hrbac,60.42,60.0,3625,2025-10-04T10:06:29+01:00,2025-10-04T10:07:29+01:00,throughput-2025-10
THR-060-BA-2,60,baseline,66.44,60.0,3986,2025-10-04T10:07:40+01:00,2025-10-04T10:08:40+01:00,throughput-2025-10
THR-060-BA-3,60,baseline,66.94,60.0,4016,2025-10-04T10:09:03+01:00,2025-10-04T10:10:03+01:00,throughput-2025-10
THR-060-HR-3,60,hrbac,59.75,60.0,3585,2025-10-04T10:10:20+01:00,2025-10-04T10:11:20+01:00,throughput-2025-10
THR-060-HR-4,60,hrbac,60.36,60.0,3622,2025-10-04T10:11:44+01:00,2025-10-04T10:12:44+01:00,throughput-2025-10
THR-060-BA-4,60,baseline,67.41,60.0,4045,2025-10-04T10:13:03+01:00,2025-10-04T10:14:03+01:00,throughput-2025-10
THR-060-BA-5,60,baseline,64.66,60.0,3880,2025-10-04T10:14:23+01:00,2025-10-04T10:15:23+01:00,throughput-2025-10
THR-060-HR-5,60,hrbac,61.3,60.0,3678,2025-10-04T10:15:46+01:00,2025-10-04T10:16:46+01:00,throughput-2025-10
THR-070-HR-1,70,hrbac,58.61,60.0,3516,2025-10-04T10:17:05+01:00,2025-10-04T10:18:05+01:00,throughput-2025-10
THR-070-BA-1,70,baseline,62.73,60.0,3764,2025-10-04T10:18:22+01:00,2025-10-04T10:19:22+01:00,throughput-2025-10
THR-070-BA-2,70,baseline,64.12,60.0,3847,2025-10-04T10:19:40+01:00,2025-10-04T10:20:40+01:00,throughput-2025-10
THR-070-HR-2,70,hrbac,59.49,60.0,3570,2025-10-04T10:21:00+01:00,2025-10-04T10:22:00+01:00,throughput-2025-10
THR-070-HR-3,70,hrbac,59.81,60.0,3588,2025-10-04T10:22:16+01:00,2025-10-04T10:23:16+01:00,throughput-2025-10
THR-070-BA-3,70,baseline,64.53,60.0,3872,2025-10-04T10:23:31+01:00,2025-10-04T10:24:31+01:00,throughput-2025-10
THR-070-BA-4,70,baseline,62.18,60.0,3731,2025-10-04T10:24:55+01:00,2025-10-04T10:25:55+01:00,throughput-2025-10
THR-070-HR-4,70,hrbac,58.86,60.0,3532,2025-10-04T10:26:11+01:00,2025-10-04T10:27:11+01:00,throughput-2025-10
THR-070-BA-5,70,baseline,64.67,60.0,3880,2025-10-04T10:27:31+01:00,2025-10-04T10:28:31+01:00,throughput-2025-10
THR-070-HR-5,70,hrbac,59.61,60.0,3577,2025-10-04T10:28:56+01:00,2025-10-04T10:29:56+01:00,throughput-2025-10
THR-080-HR-1,80,hrbac,56.26,60.0,3375,2025-10-04T10:30:13+01:00,2025-10-04T10:31:13+01:00,throughput-2025-10
THR-080-BA-1,80,baseline,62.18,60.0,3731,2025-10-04T10:31:30+01:00,2025-10-04T10:32:30+01:00,throughput-2025-10
THR-080-HR-2,80,hrbac,59.08,60.0,3545,2025-10-04T10:32:48+01:00,2025-10-04T10:33:48+01:00,throughput-2025-10
THR-080-BA-2,80,baseline,64.09,60.0,3845,2025-10-04T10:34:02+01:00,2025-10-04T10:35:02+01:00,throughput-2025-10
THR-080-HR-3,80,hrbac,57.82,60.0,3469,2025-10-04T10:35:25+01:00,2025-10-04T10:36:25+01:00,throughput-2025-10
THR-080-BA-3,80,baseline,62.64,60.0,3758,2025-10-04T10:36:49+01:00,2025-10-04T10:37:49+01:00,throughput-2025-10
THR-080-HR-4,80,hrbac,57.24,60.0,3435,2025-10-04T10:38:08+01:00,2025-10-04T10:39:08+01:00,throughput-2025-10
THR-080-BA-4,80,baseline,64.74,60.0,3885,2025-10-04T10:39:32+01:00,2025-10-04T10:40:32+01:00,throughput-2025-10
THR-080-HR-5,80,hrbac,56.79,60.0,3407,2025-10-04T10:40:46+01:00,2025-10-04T10:41:46+01:00,throughput-2025-10
THR-080-BA-5,80,baseline,63.28,60.0,3797,2025-10-04T10:41:57+01:00,2025-10-04T10:42:57+01:00,throughput-2025-10
THR-090-HR-1,90,hrbac,55.24,60.0,3315,2025-10-04T10:43:11+01:00,2025-10-04T10:44:11+01:00,throughput-2025-10
THR-090-BA-1,90,baseline,62.84,60.0,3770,2025-10-04T10:44:27+01:00,2025-10-04T10:45:27+01:00,throughput-2025-10
THR-090-HR-2,90,hrbac,55.74,60.0,3345,2025-10-04T10:45:42+01:00,2025-10-04T10:46:42+01:00,throughput-2025-10
THR-090-BA-2,90,baseline,62.19,60.0,3731,2025-10-04T10:46:54+01:00,2025-10-04T10:47:54+01:00,throughput-2025-10
THR-090-HR-3,90,hrbac,54.1,60.0,3246,2025-10-04T10:48:05+01:00,2025-10-04T10:49:05+01:00,throughput-2025-10
THR-090-BA-3,90,baseline,60.4,60.0,3624,2025-10-04T10:49:22+01:00,2025-10-04T10:50:22+01:00,throughput-2025-10
THR-090-HR-4,90,hrbac,54.57,60.0,3274,2025-10-04T10:50:45+01:00,2025-10-04T10:51:45+01:00,throughput-2025-10
THR-090-BA-4,90,baseline,59.67,60.0,3580,2025-10-04T10:51:59+01:00,2025-10-04T10:52:59+01:00,throughput-2025-10
THR-090-BA-5,90,baseline,60.64,60.0,3638,2025-10-04T10:53:13+01:00,2025-10-04T10:54:13+01:00,throughput-2025-10
THR-090-HR-5,90,hrbac,56.08,60.0,3365,2025-10-04T10:54:37+01:00,2025-10-04T10:55:37+01:00,throughput-2025-10
THR-100-BA-1,100,baseline,59.14,60.0,3548,2025-10-04T10:55:57+01:00,2025-10-04T10:56:57+01:00,throughput-2025-10
THR-100-HR-1,100,hrbac,54.32,60.0,3259,2025-10-04T10:57:16+01:00,2025-10-04T10:58:16+01:00,throughput-2025-10
THR-100-BA-2,100,baseline,60.58,60.0,3635,2025-10-04T10:58:41+01:00,2025-10-04T10:59:41+01:00,throughput-2025-10
THR-100-HR-2,100,hrbac,53.67,60.0,3220,2025-10-04T10:59:58+01:00,2025-10-04T11:00:58+01:00,throughput-2025-10
THR-100-HR-3,100,hrbac,54.79,60.0,3287,2025-10-04T11:01:20+01:00,2025-10-04T11:02:20+01:00,throughput-2025-10
THR-100-BA-3,100,baseline,59.14,60.0,3548,2025-10-04T11:02:30+01:00,2025-10-04T11:03:30+01:00,throughput-2025-10
THR-100-BA-4,100,baseline,59.44,60.0,3566,2025-10-04T11:03:45+01:00,2025-10-04T11:04:45+01:00,throughput-2025-10
THR-100-HR-4,100,hrbac,54.34,60.0,3261,2025-10-04T11:04:59+01:00,2025-10-04T11:05:59+01:00,throughput-2025-10
THR-100-BA-5,100,baseline,59.3,60.0,3558,2025-10-04T11:06:11+01:00,2025-10-04T11:07:11+01:00,throughput-2025-10
THR-100-HR-5,100,hrbac,53.27,60.0,3196,2025-10-04T11:07:26+01:00,2025-10-04T11:08:26+01:00,throughput-2025-10
