timestamp,attempt_id,caller_id,resource,decision,deny_reason
2025-08-05T13:47:33+01:00,ATT-00659,usr-117,audit_log,denied,REVOKED_CREDENTIAL
2025-08-06T07:17:43+01:00,ATT-00518,usr-096,audit_log,denied,REVOKED_CREDENTIAL
2025-08-08T10:09:00+01:00,ATT-00022,sns-027,zone_config,denied,REVOKED_CREDENTIAL
2025-08-08T16:46:45+01:00,ATT-00018,usr-096,environmental_record,denied,REVOKED_CREDENTIAL
2025-08-10T06:43:29+01:00,ATT-00948,usr-097,zone_config,denied,REVOKED_CREDENTIAL
2025-08-11T05:19:37+01:00,ATT-00924,sns-027,audit_log,denied,REVOKED_CREDENTIAL
2025-08-11T15:21:27+01:00,ATT-00553,sns-016,audit_log,denied,REVOKED_CREDENTIAL
2025-08-12T10:51:48+01:00,ATT-00501,usr-020,zone_config,denied,REVOKED_CREDENTIAL
2025-08-12T11:39:36+01:00,ATT-00039,usr-096,provenance_log,denied,REVOKED_CREDENTIAL
2025-08-13T07:34:32+01:00,ATT-00851,usr-020,environmental_record,denied,REVOKED_CREDENTIAL
2025-08-13T14:35:34+01:00,ATT-00854,sns-016,environmental_record,denied,REVOKED_CREDENTIAL
2025-08-14T04:13:35+01:00,ATT-00673,usr-084,sensor_reading,denied,REVOKED_CREDENTIAL
2025-08-14T13:08:27+01:00,ATT-00963,usr-102,sensor_reading,denied,REVOKED_CREDENTIAL
2025-08-14T14:15:12+01:00,ATT-00316,usr-033,environmental_record,denied,REVOKED_CREDENTIAL
2025-08-14T14:27:47+01:00,ATT-00903,sns-027,audit_log,denied,REVOKED_CREDENTIAL
2025-08-15T19:57:50+01:00,ATT-00280,usr-087,environmental_record,denied,REVOKED_CREDENTIAL
2025-08-16T04:12:44+01:00,ATT-00466,usr-059,environmental_record,denied,REVOKED_CREDENTIAL
2025-08-16T11:20:14+01:00,ATT-00685,usr-004,zone_config,denied,REVOKED_CREDENTIAL
2025-08-16T18:43:13+01:00,ATT-00413,sns-029,environmental_record,denied,REVOKED_CREDENTIAL
2025-08-17T04:57:57+01:00,ATT-00718,usr-039,sensor_reading,denied,REVOKED_CREDENTIAL
2025-08-17T06:29:49+01:00,ATT-00179,usr-096,sensor_reading,denied,REVOKED_CREDENTIAL
2025-08-17T16:52:18+01:00,ATT-00139,usr-102,sensor_reading,denied,REVOKED_CREDENTIAL
2025-08-17T20:32:24+01:00,ATT-00040,usr-028,audit_log,denied,REVOKED_CREDENTIAL
2025-08-17T23:31:07+01:00,ATT-00317,usr-087,sensor_reading,denied,REVOKED_CREDENTIAL
2025-08-18T00:57:21+01:00,ATT-00331,usr-065,provenance_log,denied,REVOKED_CREDENTIAL
2025-08-18T01:42:00+01:00,ATT-00037,usr-084,zone_config,denied,REVOKED_CREDENTIAL
2025-08-18T03:15:25+01:00,ATT-00074,usr-083,provenance_log,denied,REVOKED_CREDENTIAL
2025-08-18T05:03:25+01:00,ATT-00504,usr-091,sensor_reading,denied,REVOKED_CREDENTIAL
2025-08-18T13:10:15+01:00,ATT-00053,usr-035,zone_config,denied,REVOKED_CREDENTIAL
2025-08-18T14:28:40+01:00,ATT-00677,usr-088,audit_log,denied,REVOKED_CREDENTIAL
2025-08-18T16:30:14+01:00,ATT-00830,sns-035,audit_log,denied,REVOKED_CREDENTIAL
2025-08-18T16:33:37+01:00,ATT-00077,sns-035,sensor_reading,denied,REVOKED_CREDENTIAL
2025-08-18T22:59:22+01:00,ATT-00296,usr-016,sensor_reading,denied,REVOKED_CREDENTIAL
2025-08-19T03:13:18+01:00,ATT-00913,sns-016,environmental_record,denied,REVOKED_CREDENTIAL
2025-08-19T10:25:32+01:00,ATT-00799,usr-055,zone_config,denied,REVOKED_CREDENTIAL
2025-08-19T16:36:56+01:00,ATT-00469,usr-118,provenance_log,denied,REVOKED_CREDENTIAL
2025-08-19T18:58:53+01:00,ATT-00533,usr-035,zone_config,denied,REVOKED_CREDENTIAL
2025-08-19T20:15:35+01:00,ATT-00898,usr-062,zone_config,denied,REVOKED_CREDENTIAL
2025-08-19T23:53:16+01:00,ATT-00758,usr-062,sensor_reading,denied,REVOKED_CREDENTIAL
2025-08-20T00:16:36+01:00,ATT-00636,usr-062,audit_log,denied,REVOKED_CREDENTIAL
2025-08-20T01:25:32+01:00,ATT-00097,usr-028,sensor_reading,denied,REVOKED_CREDENTIAL
2025-08-20T05:10:55+01:00,ATT-00697,usr-117,sensor_reading,denied,REVOKED_CREDENTIAL
2025-08-20T05:19:16+01:00,ATT-00027,usr-059,sensor_reading,denied,REVOKED_CREDENTIAL
2025-08-20T08:25:43+01:00,ATT-00579,usr-009,zone_config,denied,REVOKED_CREDENTIAL
2025-08-20T10:01:30+01:00,ATT-00131,usr-028,environmental_record,denied,REVOKED_CREDENTIAL
2025-08-20T12:24:31+01:00,ATT-00202,sns-027,audit_log,denied,REVOKED_CREDENTIAL
2025-08-20T15:05:30+01:00,ATT-00397,usr-020,zone_config,denied,REVOKED_CREDENTIAL
2025-08-20T15:18:58+01:00,ATT-00866,usr-020,audit_log,denied,REVOKED_CREDENTIAL
2025-08-21T01:21:08+01:00,ATT-00035,usr-091,zone_config,denied,REVOKED_CREDENTIAL
2025-08-21T03:08:16+01:00,ATT-00503,usr-028,sensor_reading,denied,REVOKED_CREDENTIAL
2025-08-21T03:15:52+01:00,ATT-00768,usr-028,provenance_log,denied,REVOKED_CREDENTIAL
2025-08-21T04:27:43+01:00,ATT-00353,usr-095,sensor_reading,denied,REVOKED_CREDENTIAL
2025-08-21T07:50:17+01:00,ATT-00926,sns-042,audit_log,denied,REVOKED_CREDENTIAL
2025-08-21T12:22:21+01:00,ATT-00550,usr-004,sensor_reading,denied,REVOKED_CREDENTIAL
2025-08-21T17:18:46+01:00,ATT-00666,usr-087,audit_log,denied,REVOKED_CREDENTIAL
2025-08-22T03:13:15+01:00,ATT-00563,usr-026,zone_config,denied,REVOKED_CREDENTIAL
2025-08-22T05:01:08+01:00,ATT-00071,usr-048,provenance_log,denied,REVOKED_CREDENTIAL
2025-08-22T08:32:51+01:00,ATT-00592,usr-028,zone_config,denied,REVOKED_CREDENTIAL
2025-08-22T09:46:22+01:00,ATT-00844,usr-055,zone_config,denied,REVOKED_CREDENTIAL
2025-08-22T14:03:45+01:00,ATT-00846,usr-009,sensor_reading,denied,REVOKED_CREDENTIAL
2025-08-22T17:29:16+01:00,ATT-00665,sns-018,zone_config,denied,REVOKED_CREDENTIAL
2025-08-22T20:05:43+01:00,ATT-00581,usr-069,sensor_reading,denied,REVOKED_CREDENTIAL
2025-08-22T23:49:10+01:00,ATT-00487,usr-069,environmental_record,denied,REVOKED_CREDENTIAL
2025-08-23T03:26:03+01:00,ATT-00203,usr-117,sensor_reading,denied,REVOKED_CREDENTIAL
2025-08-23T05:11:09+01:00,ATT-00049,usr-053,sensor_reading,denied,REVOKED_CREDENTIAL
2025-08-23T08:28:04+01:00,ATT-00057,usr-095,provenance_log,denied,REVOKED_CREDENTIAL
2025-08-23T11:39:03+01:00,ATT-00047,usr-004,sensor_reading,denied,REVOKED_CREDENTIAL
2025-08-23T11:41:36+01:00,ATT-00321,usr-091,zone_config,denied,REVOKED_CREDENTIAL
2025-08-23T18:24:44+01:00,ATT-00311,usr-026,environmental_record,denied,REVOKED_CREDENTIAL
2025-08-23T18:59:40+01:00,ATT-00723,usr-117,zone_config,denied,REVOKED_CREDENTIAL
2025-08-23T21:13:35+01:00,ATT-00849,usr-112,provenance_log,denied,REVOKED_CREDENTIAL
2025-08-23T22:24:52+01:00,ATT-00798,usr-087,audit_log,denied,REVOKED_CREDENTIAL
2025-08-23T22:41:45+01:00,ATT-00368,usr-008,audit_log,denied,REVOKED_CREDENTIAL
2025-08-23T23:36:22+01:00,ATT-00704,sns-020,sensor_reading,denied,REVOKED_CREDENTIAL
2025-08-23T23:44:33+01:00,ATT-00901,usr-087,zone_config,denied,REVOKED_CREDENTIAL
2025-08-24T00:24:01+01:00,ATT-00269,sns-029,zone_config,denied,REVOKED_CREDENTIAL
2025-08-24T01:08:27+01:00,ATT-00928,sns-029,sensor_reading,denied,REVOKED_CREDENTIAL
2025-08-24T01:54:22+01:00,ATT-00433,sns-012,provenance_log,denied,REVOKED_CREDENTIAL
2025-08-24T02:06:51+01:00,ATT-00912,usr-083,sensor_reading,denied,REVOKED_CREDENTIAL
2025-08-24T04:49:30+01:00,ATT-00558,sns-029,zone_config,denied,REVOKED_CREDENTIAL
2025-08-24T04:51:46+01:00,ATT-00399,usr-112,zone_config,denied,REVOKED_CREDENTIAL
2025-08-24T05:43:36+01:00,ATT-00192,usr-104,sensor_reading,denied,REVOKED_CREDENTIAL
2025-08-24T08:12:10+01:00,ATT-00336,usr-032,provenance_log,denied,REVOKED_CREDENTIAL
2025-08-24T08:38:54+01:00,ATT-00601,usr-014,zone_config,denied,REVOKED_CREDENTIAL
2025-08-24T09:09:07+01:00,ATT-00417,usr-032,provenance_log,denied,REVOKED_CREDENTIAL
2025-08-24T09:21:21+01:00,ATT-00294,usr-077,environmental_record,denied,REVOKED_CREDENTIAL
2025-08-24T10:31:10+01:00,ATT-00299,sns-009,sensor_reading,denied,REVOKED_CREDENTIAL
2025-08-24T13:31:01+01:00,ATT-00701,usr-050,provenance_log,denied,REVOKED_CREDENTIAL
2025-08-24T13:32:20+01:00,ATT-00515,usr-050,sensor_reading,denied,REVOKED_CREDENTIAL
2025-08-24T18:08:15+01:00,ATT-00683,sns-018,audit_log,denied,REVOKED_CREDENTIAL
2025-08-24T18:31:34+01:00,ATT-00814,usr-041,zone_config,denied,REVOKED_CREDENTIAL
2025-08-24T19:55:14+01:00,ATT-00004,usr-088,provenance_log,denied,REVOKED_CREDENTIAL
2025-08-24T21:24:08+01:00,ATT-00016,usr-028,environmental_record,denied,REVOKED_CREDENTIAL
2025-08-25T02:44:34+01:00,ATT-00107,usr-026,zone_config,denied,REVOKED_CREDENTIAL
2025-08-25T03:15:13+01:00,ATT-00652,usr-083,zone_config,denied,REVOKED_CREDENTIAL
2025-08-25T05:56:11+01:00,ATT-00152,usr-097,provenance_log,denied,REVOKED_CREDENTIAL
2025-08-25T06:39:07+01:00,ATT-00644,sns-019,environmental_record,denied,REVOKED_CREDENTIAL
2025-08-25T07:31:46+01:00,ATT-00349,usr-077,provenance_log,denied,REVOKED_CREDENTIAL
2025-08-25T08:51:15+01:00,ATT-00166,usr-063,zone_config,denied,REVOKED_CREDENTIAL
2025-08-25T08:57:04+01:00,ATT-00573,usr-084,sensor_reading,denied,REVOKED_CREDENTIAL
2025-08-25T09:30:07+01:00,ATT-00810,sns-009,audit_log,denied,REVOKED_CREDENTIAL
2025-08-25T10:22:05+01:00,ATT-00421,usr-041,audit_log,denied,REVOKED_CREDENTIAL
2025-08-25T13:27:39+01:00,ATT-00117,sns-033,zone_config,denied,REVOKED_CREDENTIAL
2025-08-25T13:59:04+01:00,ATT-00158,usr-043,audit_log,denied,REVOKED_CREDENTIAL
2025-08-25T14:13:18+01:00,ATT-00173,usr-079,environmental_record,denied,REVOKED_CREDENTIAL
2025-08-25T18:16:52+01:00,ATT-00427,usr-087,sensor_reading,denied,REVOKED_CREDENTIAL
2025-08-25T20:30:34+01:00,ATT-00616,sns-034,zone_config,denied,REVOKED_CREDENTIAL
2025-08-25T22:16:42+01:00,ATT-00561,usr-057,sensor_reading,denied,REVOKED_CREDENTIAL
2025-08-26T00:20:49+01:00,ATT-00007,usr-104,environmental_record,denied,REVOKED_CREDENTIAL
2025-08-26T00:44:21+01:00,ATT-00172,usr-008,environmental_record,denied,REVOKED_CREDENTIAL
2025-08-26T01:37:23+01:00,ATT-00231,sns-031,sensor_reading,denied,REVOKED_CREDENTIAL
2025-08-26T03:20:53+01:00,ATT-00549,usr-017,audit_log,denied,REVOKED_CREDENTIAL
2025-08-26T04:12:58+01:00,ATT-00405,usr-001,zone_config,denied,REVOKED_CREDENTIAL
2025-08-26T04:15:21+01:00,ATT-00358,usr-032,zone_config,denied,REVOKED_CREDENTIAL
2025-08-26T09:43:10+01:00,ATT-00779,sns-022,zone_config,denied,REVOKED_CREDENTIAL
2025-08-26T10:13:35+01:00,ATT-00206,usr-041,zone_config,denied,REVOKED_CREDENTIAL
2025-08-26T10:22:28+01:00,ATT-00216,sns-016,zone_config,denied,REVOKED_CREDENTIAL
2025-08-26T12:03:44+01:00,ATT-00002,usr-053,zone_config,denied,REVOKED_CREDENTIAL
2025-08-26T13:10:42+01:00,ATT-00380,usr-118,environmental_record,denied,REVOKED_CREDENTIAL
2025-08-26T15:00:29+01:00,ATT-00869,usr-055,sensor_reading,denied,REVOKED_CREDENTIAL
2025-08-26T19:57:38+01:00,ATT-00064,sns-041,sensor_reading,denied,REVOKED_CREDENTIAL
2025-08-26T20:14:08+01:00,ATT-00857,sns-035,sensor_reading,denied,REVOKED_CREDENTIAL
2025-08-26T21:13:24+01:00,ATT-00112,usr-050,zone_config,denied,REVOKED_CREDENTIAL
2025-08-26T21:22:40+01:00,ATT-00116,sns-022,provenance_log,denied,REVOKED_CREDENTIAL
2025-08-26T22:11:49+01:00,ATT-00606,sns-009,sensor_reading,denied,REVOKED_CREDENTIAL
2025-08-26T22:50:21+01:00,ATT-00453,usr-095,sensor_reading,denied,REVOKED_CREDENTIAL
2025-08-27T00:45:45+01:00,ATT-00614,sns-031,environmental_record,denied,REVOKED_CREDENTIAL
2025-08-27T01:49:12+01:00,ATT-00525,usr-001,environmental_record,denied,REVOKED_CREDENTIAL
2025-08-27T03:58:08+01:00,ATT-00221,usr-055,sensor_reading,denied,REVOKED_CREDENTIAL
2025-08-27T08:13:37+01:00,ATT-00543,usr-065,sensor_reading,denied,REVOKED_CREDENTIAL
2025-08-27T13:23:37+01:00,ATT-00962,sns-012,zone_config,denied,REVOKED_CREDENTIAL
2025-08-27T13:47:00+01:00,ATT-00511,usr-084,provenance_log,denied,REVOKED_CREDENTIAL
2025-08-27T15:29:00+01:00,ATT-00142,sns-021,provenance_log,denied,REVOKED_CREDENTIAL
2025-08-27T16:35:15+01:00,ATT-00667,usr-065,environmental_record,denied,REVOKED_CREDENTIAL
2025-08-27T16:58:58+01:00,ATT-00263,usr-111,audit_log,denied,REVOKED_CREDENTIAL
2025-08-27T19:29:02+01:00,ATT-00335,usr-105,audit_log,denied,REVOKED_CREDENTIAL
2025-08-27T21:53:02+01:00,ATT-00812,sns-040,audit_log,denied,REVOKED_CREDENTIAL
2025-08-27T23:21:00+01:00,ATT-00921,sns-040,sensor_reading,denied,REVOKED_CREDENTIAL
2025-08-28T00:46:31+01:00,ATT-00432,usr-059,sensor_reading,denied,REVOKED_CREDENTIAL
2025-08-28T02:08:13+01:00,ATT-00106,sns-018,zone_config,denied,REVOKED_CREDENTIAL
2025-08-28T03:54:14+01:00,ATT-00163,usr-004,zone_config,denied,REVOKED_CREDENTIAL
2025-08-28T05:02:54+01:00,ATT-00089,usr-001,sensor_reading,denied,REVOKED_CREDENTIAL
2025-08-28T07:06:08+01:00,ATT-00055,sns-029,zone_config,denied,REVOKED_CREDENTIAL
2025-08-28T07:07:39+01:00,ATT-00332,usr-083,sensor_reading,denied,REVOKED_CREDENTIAL
2025-08-28T09:48:03+01:00,ATT-00789,sns-009,sensor_reading,denied,REVOKED_CREDENTIAL
2025-08-28T12:22:06+01:00,ATT-00029,sns-040,zone_config,denied,REVOKED_CREDENTIAL
2025-08-28T12:30:27+01:00,ATT-00298,usr-093,environmental_record,denied,REVOKED_CREDENTIAL
2025-08-28T13:41:47+01:00,ATT-00102,usr-087,audit_log,denied,REVOKED_CREDENTIAL
2025-08-28T16:45:01+01:00,ATT-00742,usr-035,audit_log,denied,REVOKED_CREDENTIAL
2025-08-28T16:49:52+01:00,ATT-00184,usr-120,sensor_reading,denied,REVOKED_CREDENTIAL
2025-08-28T17:38:10+01:00,ATT-00388,sns-033,zone_config,denied,REVOKED_CREDENTIAL
2025-08-28T17:40:33+01:00,ATT-00547,usr-041,environmental_record,denied,REVOKED_CREDENTIAL
2025-08-28T18:36:48+01:00,ATT-00729,usr-063,provenance_log,denied,REVOKED_CREDENTIAL
2025-08-28T19:41:16+01:00,ATT-00207,usr-008,environmental_record,denied,REVOKED_CREDENTIAL
2025-08-28T23:13:12+01:00,ATT-00243,usr-093,sensor_reading,denied,REVOKED_CREDENTIAL
2025-08-28T23:17:14+01:00,ATT-00719,usr-016,sensor_reading,denied,REVOKED_CREDENTIAL
2025-08-29T00:15:09+01:00,ATT-00684,usr-045,environmental_record,denied,REVOKED_CREDENTIAL
2025-08-29T05:11:23+01:00,ATT-00646,sns-033,provenance_log,denied,REVOKED_CREDENTIAL
2025-08-29T06:18:28+01:00,ATT-00174,usr-069,audit_log,denied,REVOKED_CREDENTIAL
2025-08-29T06:37:49+01:00,ATT-00424,usr-069,audit_log,denied,REVOKED_CREDENTIAL
2025-08-29T10:20:09+01:00,ATT-00449,sns-027,zone_config,denied,REVOKED_CREDENTIAL
2025-08-29T10:30:18+01:00,ATT-00494,usr-052,sensor_reading,denied,REVOKED_CREDENTIAL
2025-08-29T11:27:39+01:00,ATT-00190,sns-029,sensor_reading,denied,REVOKED_CREDENTIAL
2025-08-29T13:15:13+01:00,ATT-00552,usr-064,provenance_log,denied,REVOKED_CREDENTIAL
2025-08-29T14:31:09+01:00,ATT-00721,usr-041,sensor_reading,denied,REVOKED_CREDENTIAL
2025-08-29T14:34:30+01:00,ATT-00819,sns-012,zone_config,denied,REVOKED_CREDENTIAL
2025-08-29T18:43:07+01:00,ATT-00120,usr-049,provenance_log,denied,REVOKED_CREDENTIAL
2025-08-29T20:33:35+01:00,ATT-00598,usr-004,zone_config,denied,REVOKED_CREDENTIAL
2025-08-29T20:50:47+01:00,ATT-00941,usr-053,sensor_reading,denied,REVOKED_CREDENTIAL
2025-08-29T23:29:33+01:00,ATT-00911,usr-017,sensor_reading,denied,REVOKED_CREDENTIAL
2025-08-30T00:15:53+01:00,ATT-00096,usr-007,zone_config,denied,REVOKED_CREDENTIAL
2025-08-30T03:24:44+01:00,ATT-00902,sns-016,sensor_reading,denied,REVOKED_CREDENTIAL
2025-08-30T03:35:27+01:00,ATT-00154,usr-057,sensor_reading,denied,REVOKED_CREDENTIAL
2025-08-30T05:57:42+01:00,ATT-00648,sns-029,environmental_record,denied,REVOKED_CREDENTIAL
2025-08-30T12:32:26+01:00,ATT-00183,usr-052,provenance_log,denied,REVOKED_CREDENTIAL
2025-08-30T15:18:12+01:00,ATT-00887,usr-065,sensor_reading,denied,REVOKED_CREDENTIAL
2025-08-30T16:32:08+01:00,ATT-00639,usr-062,zone_config,denied,REVOKED_CREDENTIAL
2025-08-30T19:03:48+01:00,ATT-00101,usr-055,sensor_reading,denied,REVOKED_CREDENTIAL
2025-08-30T20:46:14+01:00,ATT-00370,usr-059,zone_config,denied,REVOKED_CREDENTIAL
2025-08-30T21:09:08+01:00,ATT-00261,sns-042,zone_config,denied,REVOKED_CREDENTIAL
2025-08-30T22:05:30+01:00,ATT-00286,usr-035,zone_config,denied,REVOKED_CREDENTIAL
2025-08-30T22:06:34+01:00,ATT-00468,usr-042,sensor_reading,denied,REVOKED_CREDENTIAL
2025-08-30T22:57:03+01:00,ATT-00837,usr-049,sensor_reading,denied,REVOKED_CREDENTIAL
2025-08-31T01:22:10+01:00,ATT-00840,usr-073,sensor_reading,denied,REVOKED_CREDENTIAL
2025-08-31T01:56:55+01:00,ATT-00381,usr-014,audit_log,denied,REVOKED_CREDENTIAL
2025-08-31T04:06:17+01:00,ATT-00595,sns-033,zone_config,denied,REVOKED_CREDENTIAL
2025-08-31T05:21:33+01:00,ATT-00929,usr-024,audit_log,denied,REVOKED_CREDENTIAL
2025-08-31T06:05:46+01:00,ATT-00227,usr-073,zone_config,denied,REVOKED_CREDENTIAL
2025-08-31T10:31:45+01:00,ATT-00255,usr-009,zone_config,denied,REVOKED_CREDENTIAL
2025-08-31T11:25:39+01:00,ATT-00664,sns-022,audit_log,denied,REVOKED_CREDENTIAL
2025-08-31T11:57:20+01:00,ATT-00105,usr-043,audit_log,denied,REVOKED_CREDENTIAL
2025-08-31T14:20:54+01:00,ATT-00293,usr-095,provenance_log,denied,REVOKED_CREDENTIAL
2025-08-31T15:16:18+01:00,ATT-00045,sns-021,sensor_reading,denied,REVOKED_CREDENTIAL
2025-08-31T20:43:45+01:00,ATT-00132,usr-093,environmental_record,denied,REVOKED_CREDENTIAL
2025-08-31T21:24:40+01:00,ATT-00613,usr-028,zone_config,denied,REVOKED_CREDENTIAL
2025-08-31T23:06:27+01:00,ATT-00826,usr-042,zone_config,denied,REVOKED_CREDENTIAL
2025-09-01T00:21:10+01:00,ATT-00123,usr-024,environmental_record,denied,REVOKED_CREDENTIAL
2025-09-01T00:37:54+01:00,ATT-00176,sns-009,sensor_reading,denied,REVOKED_CREDENTIAL
2025-09-01T01:08:31+01:00,ATT-00492,usr-017,audit_log,denied,REVOKED_CREDENTIAL
2025-09-01T03:06:48+01:00,ATT-00853,usr-048,zone_config,denied,REVOKED_CREDENTIAL
2025-09-01T04:08:07+01:00,ATT-00232,usr-017,sensor_reading,denied,REVOKED_CREDENTIAL
2025-09-01T06:39:30+01:00,ATT-00737,usr-024,sensor_reading,denied,REVOKED_CREDENTIAL
2025-09-01T06:51:50+01:00,ATT-00301,usr-035,provenance_log,denied,REVOKED_CREDENTIAL
2025-09-01T07:05:15+01:00,ATT-00954,usr-019,sensor_reading,denied,REVOKED_CREDENTIAL
2025-09-01T07:19:33+01:00,ATT-00972,usr-088,sensor_reading,denied,REVOKED_CREDENTIAL
2025-09-01T08:50:38+01:00,ATT-00291,sns-010,sensor_reading,denied,REVOKED_CREDENTIAL
2025-09-01T13:18:19+01:00,ATT-00790,usr-065,sensor_reading,denied,REVOKED_CREDENTIAL
2025-09-01T16:04:18+01:00,ATT-00347,usr-096,provenance_log,denied,REVOKED_CREDENTIAL
2025-09-01T18:14:38+01:00,ATT-00086,usr-019,provenance_log,denied,REVOKED_CREDENTIAL
2025-09-01T18:45:18+01:00,ATT-00153,usr-024,zone_config,denied,REVOKED_CREDENTIAL
2025-09-01T20:38:41+01:00,ATT-00371,usr-008,sensor_reading,denied,REVOKED_CREDENTIAL
2025-09-01T21:28:41+01:00,ATT-00419,usr-011,audit_log,denied,REVOKED_CREDENTIAL
2025-09-01T23:26:35+01:00,ATT-00818,sns-041,audit_log,denied,REVOKED_CREDENTIAL
2025-09-02T00:16:24+01:00,ATT-00754,sns-029,zone_config,denied,REVOKED_CREDENTIAL
2025-09-02T03:18:02+01:00,ATT-00863,usr-009,sensor_reading,denied,REVOKED_CREDENTIAL
2025-09-02T04:22:28+01:00,ATT-00556,usr-082,environmental_record,denied,REVOKED_CREDENTIAL
2025-09-02T04:29:45+01:00,ATT-00199,sns-020,zone_config,denied,REVOKED_CREDENTIAL
2025-09-02T05:33:06+01:00,ATT-00094,usr-118,zone_config,denied,REVOKED_CREDENTIAL
2025-09-02T05:40:03+01:00,ATT-00366,usr-048,sensor_reading,denied,REVOKED_CREDENTIAL
2025-09-02T05:59:20+01:00,ATT-00622,usr-039,audit_log,denied,REVOKED_CREDENTIAL
2025-09-02T08:29:07+01:00,ATT-00817,usr-085,sensor_reading,denied,REVOKED_CREDENTIAL
2025-09-02T08:30:56+01:00,ATT-00728,usr-084,sensor_reading,denied,REVOKED_CREDENTIAL
2025-09-02T08:40:54+01:00,ATT-00506,usr-063,zone_config,denied,REVOKED_CREDENTIAL
2025-09-02T09:36:52+01:00,ATT-00567,usr-112,zone_config,denied,REVOKED_CREDENTIAL
2025-09-02T10:54:10+01:00,ATT-00530,usr-111,sensor_reading,denied,REVOKED_CREDENTIAL
2025-09-02T18:03:20+01:00,ATT-00452,usr-011,sensor_reading,denied,REVOKED_CREDENTIAL
2025-09-02T18:10:59+01:00,ATT-00619,sns-016,audit_log,denied,REVOKED_CREDENTIAL
2025-09-02T18:41:22+01:00,ATT-00554,sns-010,zone_config,denied,REVOKED_CREDENTIAL
2025-09-02T19:10:53+01:00,ATT-00144,usr-009,audit_log,denied,REVOKED_CREDENTIAL
2025-09-02T21:03:07+01:00,ATT-00973,usr-008,sensor_reading,denied,REVOKED_CREDENTIAL
2025-09-03T01:13:23+01:00,ATT-00715,usr-095,audit_log,denied,REVOKED_CREDENTIAL
2025-09-03T01:56:45+01:00,ATT-00540,sns-033,provenance_log,denied,REVOKED_CREDENTIAL
2025-09-03T02:07:01+01:00,ATT-00847,sns-010,environmental_record,denied,REVOKED_CREDENTIAL
2025-09-03T02:10:47+01:00,ATT-00565,usr-057,audit_log,denied,REVOKED_CREDENTIAL
2025-09-03T05:46:08+01:00,ATT-00201,usr-049,sensor_reading,denied,REVOKED_CREDENTIAL
2025-09-03T06:41:50+01:00,ATT-00402,usr-002,sensor_reading,denied,REVOKED_CREDENTIAL
2025-09-03T07:10:06+01:00,ATT-00157,usr-053,audit_log,denied,REVOKED_CREDENTIAL
2025-09-03T09:45:04+01:00,ATT-00272,usr-066,provenance_log,denied,REVOKED_CREDENTIAL
2025-09-03T12:43:09+01:00,ATT-00557,usr-096,provenance_log,denied,REVOKED_CREDENTIAL
2025-09-03T14:53:05+01:00,ATT-00306,usr-097,sensor_reading,denied,REVOKED_CREDENTIAL
2025-09-03T15:12:29+01:00,ATT-00480,usr-107,audit_log,denied,REVOKED_CREDENTIAL
2025-09-03T15:20:07+01:00,ATT-00626,usr-019,zone_config,denied,REVOKED_CREDENTIAL
2025-09-03T15:22:09+01:00,ATT-00161,usr-082,provenance_log,denied,REVOKED_CREDENTIAL
2025-09-03T15:27:09+01:00,ATT-00067,usr-118,audit_log,denied,REVOKED_CREDENTIAL
2025-09-03T16:29:12+01:00,ATT-00528,usr-107,sensor_reading,denied,REVOKED_CREDENTIAL
2025-09-03T16:58:16+01:00,ATT-00169,sns-010,provenance_log,denied,REVOKED_CREDENTIAL
2025-09-03T17:51:26+01:00,ATT-00602,usr-118,sensor_reading,denied,REVOKED_CREDENTIAL
2025-09-03T20:10:46+01:00,ATT-00893,usr-085,sensor_reading,denied,REVOKED_CREDENTIAL
2025-09-03T20:47:10+01:00,ATT-00196,usr-105,sensor_reading,denied,REVOKED_CREDENTIAL
2025-09-03T21:25:14+01:00,ATT-00496,usr-042,environmental_record,denied,REVOKED_CREDENTIAL
2025-09-03T23:51:32+01:00,ATT-00668,usr-064,zone_config,denied,REVOKED_CREDENTIAL
2025-09-04T00:41:23+01:00,ATT-00650,usr-009,environmental_record,denied,REVOKED_CREDENTIAL
2025-09-04T02:25:35+01:00,ATT-00836,usr-097,audit_log,denied,REVOKED_CREDENTIAL
2025-09-04T02:26:15+01:00,ATT-00949,sns-016,sensor_reading,denied,REVOKED_CREDENTIAL
2025-09-04T03:10:42+01:00,ATT-00304,usr-055,zone_config,denied,REVOKED_CREDENTIAL
2025-09-04T04:03:10+01:00,ATT-00594,usr-050,sensor_reading,denied,REVOKED_CREDENTIAL
2025-09-04T04:16:41+01:00,ATT-00307,usr-078,zone_config,denied,REVOKED_CREDENTIAL
2025-09-04T04:51:40+01:00,ATT-00275,usr-082,zone_config,denied,REVOKED_CREDENTIAL
2025-09-04T09:22:07+01:00,ATT-00438,usr-035,zone_config,denied,REVOKED_CREDENTIAL
2025-09-04T09:35:04+01:00,ATT-00264,usr-039,audit_log,denied,REVOKED_CREDENTIAL
2025-09-04T09:44:33+01:00,ATT-00277,sns-034,sensor_reading,denied,REVOKED_CREDENTIAL
2025-09-04T09:48:58+01:00,ATT-00792,usr-028,sensor_reading,denied,REVOKED_CREDENTIAL
2025-09-04T10:56:21+01:00,ATT-00143,usr-049,zone_config,denied,REVOKED_CREDENTIAL
2025-09-04T11:54:58+01:00,ATT-00785,usr-107,sensor_reading,denied,REVOKED_CREDENTIAL
2025-09-04T13:30:52+01:00,ATT-00478,sns-031,zone_config,denied,REVOKED_CREDENTIAL
2025-09-04T13:44:48+01:00,ATT-00127,usr-073,provenance_log,denied,REVOKED_CREDENTIAL
2025-09-04T13:59:03+01:00,ATT-00694,usr-035,zone_config,denied,REVOKED_CREDENTIAL
2025-09-04T15:27:00+01:00,ATT-00649,usr-054,sensor_reading,denied,REVOKED_CREDENTIAL
2025-09-04T15:48:11+01:00,ATT-00472,usr-053,sensor_reading,denied,REVOKED_CREDENTIAL
2025-09-04T16:38:01+01:00,ATT-00012,usr-019,provenance_log,denied,REVOKED_CREDENTIAL
2025-09-04T17:34:03+01:00,ATT-00234,usr-120,audit_log,denied,REVOKED_CREDENTIAL
2025-09-04T17:57:02+01:00,ATT-00129,usr-077,sensor_reading,denied,REVOKED_CREDENTIAL
2025-09-04T18:39:19+01:00,ATT-00084,usr-073,audit_log,denied,REVOKED_CREDENTIAL
2025-09-04T19:14:15+01:00,ATT-00241,usr-041,sensor_reading,denied,REVOKED_CREDENTIAL
2025-09-04T20:32:46+01:00,ATT-00795,sns-027,sensor_reading,denied,REVOKED_CREDENTIAL
2025-09-04T21:42:53+01:00,ATT-00505,usr-073,provenance_log,denied,REVOKED_CREDENTIAL
2025-09-05T00:10:05+01:00,ATT-00213,usr-062,provenance_log,denied,REVOKED_CREDENTIAL
2025-09-05T03:46:15+01:00,ATT-00330,usr-104,sensor_reading,denied,REVOKED_CREDENTIAL
2025-09-05T04:36:00+01:00,ATT-00407,usr-017,audit_log,denied,REVOKED_CREDENTIAL
2025-09-05T05:44:07+01:00,ATT-00708,sns-016,zone_config,denied,REVOKED_CREDENTIAL
2025-09-05T14:09:49+01:00,ATT-00479,sns-031,audit_log,denied,REVOKED_CREDENTIAL
2025-09-05T14:33:52+01:00,ATT-00245,usr-054,zone_config,denied,REVOKED_CREDENTIAL
2025-09-05T14:37:39+01:00,ATT-00471,usr-066,zone_config,denied,REVOKED_CREDENTIAL
2025-09-05T15:18:58+01:00,ATT-00637,usr-095,provenance_log,denied,REVOKED_CREDENTIAL
2025-09-05T16:03:56+01:00,ATT-00740,sns-002,sensor_reading,denied,REVOKED_CREDENTIAL
2025-09-05T16:16:12+01:00,ATT-00369,usr-084,zone_config,denied,REVOKED_CREDENTIAL
2025-09-05T18:58:23+01:00,ATT-00085,usr-112,zone_config,denied,REVOKED_CREDENTIAL
2025-09-05T19:05:56+01:00,ATT-00490,sns-008,provenance_log,denied,REVOKED_CREDENTIAL
2025-09-05T19:42:47+01:00,ATT-00820,usr-107,audit_log,denied,REVOKED_CREDENTIAL
2025-09-05T20:10:57+01:00,ATT-00247,usr-082,provenance_log,denied,REVOKED_CREDENTIAL
2025-09-05T20:43:26+01:00,ATT-00937,usr-107,zone_config,denied,REVOKED_CREDENTIAL
2025-09-05T21:36:23+01:00,ATT-00532,usr-076,sensor_reading,denied,REVOKED_CREDENTIAL
2025-09-05T22:02:24+01:00,ATT-00784,usr-107,sensor_reading,denied,REVOKED_CREDENTIAL
2025-09-05T23:47:04+01:00,ATT-00444,usr-024,zone_config,denied,REVOKED_CREDENTIAL
2025-09-06T03:53:37+01:00,ATT-00313,usr-077,zone_config,denied,REVOKED_CREDENTIAL
2025-09-06T05:20:10+01:00,ATT-00720,usr-066,zone_config,denied,REVOKED_CREDENTIAL
2025-09-06T06:28:21+01:00,ATT-00889,usr-103,sensor_reading,denied,REVOKED_CREDENTIAL
2025-09-06T07:16:52+01:00,ATT-00562,usr-084,environmental_record,denied,REVOKED_CREDENTIAL
2025-09-06T08:53:46+01:00,ATT-00703,usr-028,audit_log,denied,REVOKED_CREDENTIAL
2025-09-06T09:09:04+01:00,ATT-00282,usr-118,sensor_reading,denied,REVOKED_CREDENTIAL
2025-09-06T12:43:10+01:00,ATT-00618,usr-055,zone_config,denied,REVOKED_CREDENTIAL
2025-09-06T12:53:51+01:00,ATT-00416,usr-115,sensor_reading,denied,REVOKED_CREDENTIAL
2025-09-06T14:00:12+01:00,ATT-00520,usr-073,provenance_log,denied,REVOKED_CREDENTIAL
2025-09-06T16:15:53+01:00,ATT-00967,usr-059,provenance_log,denied,REVOKED_CREDENTIAL
2025-09-06T16:49:08+01:00,ATT-00454,usr-051,zone_config,denied,REVOKED_CREDENTIAL
2025-09-06T17:25:22+01:00,ATT-00318,usr-062,audit_log,denied,REVOKED_CREDENTIAL
2025-09-06T17:36:04+01:00,ATT-00185,usr-106,audit_log,denied,REVOKED_CREDENTIAL
2025-09-06T18:07:17+01:00,ATT-00141,sns-035,audit_log,denied,REVOKED_CREDENTIAL
2025-09-06T21:29:02+01:00,ATT-00894,usr-095,audit_log,denied,REVOKED_CREDENTIAL
2025-09-06T23:34:04+01:00,ATT-00707,usr-063,environmental_record,denied,REVOKED_CREDENTIAL
2025-09-07T02:29:12+01:00,ATT-00136,usr-053,zone_config,denied,REVOKED_CREDENTIAL
2025-09-07T03:03:50+01:00,ATT-00499,usr-020,sensor_reading,denied,REVOKED_CREDENTIAL
2025-09-07T07:56:36+01:00,ATT-00514,usr-063,sensor_reading,denied,REVOKED_CREDENTIAL
2025-09-07T08:10:11+01:00,ATT-00361,sns-002,zone_config,denied,REVOKED_CREDENTIAL
2025-09-07T09:15:04+01:00,ATT-00225,usr-063,environmental_record,denied,REVOKED_CREDENTIAL
2025-09-07T09:43:05+01:00,ATT-00042,usr-084,zone_config,denied,REVOKED_CREDENTIAL
2025-09-07T09:57:11+01:00,ATT-00420,usr-072,audit_log,denied,REVOKED_CREDENTIAL
2025-09-07T10:12:22+01:00,ATT-00895,usr-036,zone_config,denied,REVOKED_CREDENTIAL
2025-09-07T12:37:52+01:00,ATT-00571,sns-020,audit_log,denied,REVOKED_CREDENTIAL
2025-09-07T13:30:53+01:00,ATT-00078,sns-027,zone_config,denied,REVOKED_CREDENTIAL
2025-09-07T14:32:36+01:00,ATT-00259,usr-012,sensor_reading,denied,REVOKED_CREDENTIAL
2025-09-07T14:51:17+01:00,ATT-00868,usr-117,zone_config,denied,REVOKED_CREDENTIAL
2025-09-07T15:23:04+01:00,ATT-00228,usr-077,audit_log,denied,REVOKED_CREDENTIAL
2025-09-07T17:47:08+01:00,ATT-00470,sns-005,sensor_reading,denied,REVOKED_CREDENTIAL
2025-09-07T19:05:24+01:00,ATT-00373,usr-050,zone_config,denied,REVOKED_CREDENTIAL
2025-09-07T19:30:11+01:00,ATT-00690,usr-015,audit_log,denied,REVOKED_CREDENTIAL
2025-09-07T20:56:11+01:00,ATT-00398,sns-008,sensor_reading,denied,REVOKED_CREDENTIAL
2025-09-07T23:33:41+01:00,ATT-00239,sns-019,zone_config,denied,REVOKED_CREDENTIAL
2025-09-08T02:10:54+01:00,ATT-00640,usr-065,audit_log,denied,REVOKED_CREDENTIAL
2025-09-08T03:31:48+01:00,ATT-00882,sns-005,sensor_reading,denied,REVOKED_CREDENTIAL
2025-09-08T03:42:08+01:00,ATT-00855,usr-016,zone_config,denied,REVOKED_CREDENTIAL
2025-09-08T04:59:01+01:00,ATT-00390,usr-024,zone_config,denied,REVOKED_CREDENTIAL
2025-09-08T05:43:42+01:00,ATT-00436,usr-001,provenance_log,denied,REVOKED_CREDENTIAL
2025-09-08T09:24:51+01:00,ATT-00574,usr-026,zone_config,denied,REVOKED_CREDENTIAL
2025-09-08T11:11:52+01:00,ATT-00149,usr-085,provenance_log,denied,REVOKED_CREDENTIAL
2025-09-08T14:12:08+01:00,ATT-00938,usr-072,sensor_reading,denied,REVOKED_CREDENTIAL
2025-09-08T14:26:32+01:00,ATT-00320,usr-095,zone_config,denied,REVOKED_CREDENTIAL
2025-09-08T21:28:38+01:00,ATT-00883,usr-002,provenance_log,denied,REVOKED_CREDENTIAL
2025-09-08T22:06:13+01:00,ATT-00757,usr-104,sensor_reading,denied,REVOKED_CREDENTIAL
2025-09-08T22:35:57+01:00,ATT-00585,sns-049,audit_log,denied,REVOKED_CREDENTIAL
2025-09-08T23:07:24+01:00,ATT-00589,usr-002,audit_log,denied,REVOKED_CREDENTIAL
2025-09-09T00:57:18+01:00,ATT-00189,sns-027,sensor_reading,denied,REVOKED_CREDENTIAL
2025-09-09T02:26:08+01:00,ATT-00955,usr-095,zone_config,denied,REVOKED_CREDENTIAL
2025-09-09T07:51:37+01:00,ATT-00730,usr-077,provenance_log,denied,REVOKED_CREDENTIAL
2025-09-09T09:07:27+01:00,ATT-00362,usr-035,provenance_log,denied,REVOKED_CREDENTIAL
2025-09-09T11:11:39+01:00,ATT-00689,usr-015,audit_log,denied,REVOKED_CREDENTIAL
2025-09-09T12:44:23+01:00,ATT-00569,usr-001,zone_config,denied,REVOKED_CREDENTIAL
2025-09-09T16:36:16+01:00,ATT-00218,usr-106,sensor_reading,denied,REVOKED_CREDENTIAL
2025-09-09T17:50:19+01:00,ATT-00043,usr-040,audit_log,denied,REVOKED_CREDENTIAL
2025-09-09T18:58:53+01:00,ATT-00260,usr-102,sensor_reading,denied,REVOKED_CREDENTIAL
2025-09-09T19:48:45+01:00,ATT-00727,sns-034,sensor_reading,denied,REVOKED_CREDENTIAL
2025-09-09T19:50:33+01:00,ATT-00215,usr-002,sensor_reading,denied,REVOKED_CREDENTIAL
2025-09-09T20:18:29+01:00,ATT-00271,sns-021,environmental_record,denied,REVOKED_CREDENTIAL
2025-09-09T21:12:51+01:00,ATT-00481,usr-064,sensor_reading,denied,REVOKED_CREDENTIAL
2025-09-09T22:18:13+01:00,ATT-00712,sns-029,sensor_reading,denied,REVOKED_CREDENTIAL
2025-09-09T22:26:21+01:00,ATT-00807,usr-053,provenance_log,denied,REVOKED_CREDENTIAL
2025-09-09T22:43:02+01:00,ATT-00258,sns-041,provenance_log,denied,REVOKED_CREDENTIAL
2025-09-09T23:51:15+01:00,ATT-00536,usr-102,provenance_log,denied,REVOKED_CREDENTIAL
2025-09-10T00:05:04+01:00,ATT-00467,usr-059,provenance_log,denied,REVOKED_CREDENTIAL
2025-09-10T00:29:38+01:00,ATT-00488,usr-110,audit_log,denied,REVOKED_CREDENTIAL
2025-09-10T03:37:10+01:00,ATT-00873,usr-107,sensor_reading,denied,REVOKED_CREDENTIAL
2025-09-10T03:43:25+01:00,ATT-00455,usr-117,sensor_reading,denied,REVOKED_CREDENTIAL
2025-09-10T03:57:18+01:00,ATT-00643,usr-057,sensor_reading,denied,REVOKED_CREDENTIAL
2025-09-10T04:36:25+01:00,ATT-00681,usr-020,zone_config,denied,REVOKED_CREDENTIAL
2025-09-10T08:08:07+01:00,ATT-00348,sns-008,zone_config,denied,REVOKED_CREDENTIAL
2025-09-10T09:34:24+01:00,ATT-00510,usr-040,provenance_log,denied,REVOKED_CREDENTIAL
2025-09-10T11:44:46+01:00,ATT-00148,usr-002,provenance_log,denied,REVOKED_CREDENTIAL
2025-09-10T13:14:19+01:00,ATT-00952,usr-017,zone_config,denied,REVOKED_CREDENTIAL
2025-09-10T16:09:54+01:00,ATT-00095,usr-065,audit_log,denied,REVOKED_CREDENTIAL
2025-09-10T17:25:38+01:00,ATT-00570,sns-009,audit_log,denied,REVOKED_CREDENTIAL
2025-09-10T18:01:48+01:00,ATT-00860,usr-093,sensor_reading,denied,REVOKED_CREDENTIAL
2025-09-10T18:40:05+01:00,ATT-00334,usr-008,audit_log,denied,REVOKED_CREDENTIAL
2025-09-10T19:08:56+01:00,ATT-00340,sns-009,zone_config,denied,REVOKED_CREDENTIAL
2025-09-10T19:35:01+01:00,ATT-00325,usr-082,audit_log,denied,REVOKED_CREDENTIAL
2025-09-10T20:43:17+01:00,ATT-00575,usr-057,audit_log,denied,REVOKED_CREDENTIAL
2025-09-10T20:50:27+01:00,ATT-00326,usr-057,audit_log,denied,REVOKED_CREDENTIAL
2025-09-10T21:18:24+01:00,ATT-00825,usr-055,zone_config,denied,REVOKED_CREDENTIAL
2025-09-10T22:53:37+01:00,ATT-00953,sns-014,audit_log,denied,REVOKED_CREDENTIAL
2025-09-10T23:29:22+01:00,ATT-00744,usr-054,audit_log,denied,REVOKED_CREDENTIAL
2025-09-11T01:48:23+01:00,ATT-00267,usr-042,environmental_record,denied,REVOKED_CREDENTIAL
2025-09-11T02:25:38+01:00,ATT-00706,usr-120,zone_config,denied,REVOKED_CREDENTIAL
2025-09-11T04:22:38+01:00,ATT-00541,usr-026,sensor_reading,denied,REVOKED_CREDENTIAL
2025-09-11T05:25:33+01:00,ATT-00916,usr-036,zone_config,denied,REVOKED_CREDENTIAL
2025-09-11T07:02:24+01:00,ATT-00458,sns-034,zone_config,denied,REVOKED_CREDENTIAL
2025-09-11T07:13:24+01:00,ATT-00725,usr-024,zone_config,denied,REVOKED_CREDENTIAL
2025-09-11T11:09:12+01:00,ATT-00151,usr-079,sensor_reading,denied,REVOKED_CREDENTIAL
2025-09-11T13:28:29+01:00,ATT-00006,sns-012,audit_log,denied,REVOKED_CREDENTIAL
2025-09-11T13:54:45+01:00,ATT-00324,usr-110,sensor_reading,denied,REVOKED_CREDENTIAL
2025-09-11T14:24:24+01:00,ATT-00672,usr-112,provenance_log,denied,REVOKED_CREDENTIAL
2025-09-11T16:39:25+01:00,ATT-00969,usr-036,audit_log,denied,REVOKED_CREDENTIAL
2025-09-11T17:55:18+01:00,ATT-00958,usr-050,sensor_reading,denied,REVOKED_CREDENTIAL
2025-09-11T17:58:31+01:00,ATT-00780,sns-041,environmental_record,denied,REVOKED_CREDENTIAL
2025-09-11T18:48:45+01:00,ATT-00033,sns-027,zone_config,denied,REVOKED_CREDENTIAL
2025-09-11T21:02:25+01:00,ATT-00198,sns-011,environmental_record,denied,REVOKED_CREDENTIAL
2025-09-11T23:49:37+01:00,ATT-00623,sns-028,audit_log,denied,REVOKED_CREDENTIAL
2025-09-12T00:49:23+01:00,ATT-00500,usr-053,zone_config,denied,REVOKED_CREDENTIAL
2025-09-12T01:12:34+01:00,ATT-00031,usr-117,zone_config,denied,REVOKED_CREDENTIAL
2025-09-12T01:30:08+01:00,ATT-00624,sns-002,zone_config,denied,REVOKED_CREDENTIAL
2025-09-12T04:53:57+01:00,ATT-00162,usr-104,environmental_record,denied,REVOKED_CREDENTIAL
2025-09-12T06:59:12+01:00,ATT-00527,usr-076,environmental_record,denied,REVOKED_CREDENTIAL
2025-09-12T09:46:50+01:00,ATT-00008,usr-051,sensor_reading,denied,REVOKED_CREDENTIAL
2025-09-12T12:57:44+01:00,ATT-00044,sns-025,sensor_reading,denied,REVOKED_CREDENTIAL
2025-09-12T13:29:49+01:00,ATT-00687,usr-107,zone_config,denied,REVOKED_CREDENTIAL
2025-09-12T14:40:50+01:00,ATT-00752,usr-026,zone_config,denied,REVOKED_CREDENTIAL
2025-09-12T14:48:26+01:00,ATT-00363,sns-019,provenance_log,denied,REVOKED_CREDENTIAL
2025-09-12T18:47:38+01:00,ATT-00200,sns-041,provenance_log,denied,REVOKED_CREDENTIAL
2025-09-12T21:57:02+01:00,ATT-00082,usr-040,sensor_reading,denied,REVOKED_CREDENTIAL
2025-09-12T23:35:33+01:00,ATT-00621,usr-076,provenance_log,denied,REVOKED_CREDENTIAL
2025-09-13T01:05:55+01:00,ATT-00711,usr-030,sensor_reading,denied,REVOKED_CREDENTIAL
2025-09-13T04:06:58+01:00,ATT-00456,sns-044,zone_config,denied,REVOKED_CREDENTIAL
2025-09-13T04:10:23+01:00,ATT-00877,sns-014,audit_log,denied,REVOKED_CREDENTIAL
2025-09-13T04:20:02+01:00,ATT-00524,usr-052,sensor_reading,denied,REVOKED_CREDENTIAL
2025-09-13T04:25:31+01:00,ATT-00612,usr-066,sensor_reading,denied,REVOKED_CREDENTIAL
2025-09-13T07:01:44+01:00,ATT-00947,sns-037,audit_log,denied,REVOKED_CREDENTIAL
2025-09-13T08:43:27+01:00,ATT-00859,usr-048,audit_log,denied,REVOKED_CREDENTIAL
2025-09-13T08:46:18+01:00,ATT-00408,sns-009,provenance_log,denied,REVOKED_CREDENTIAL
2025-09-13T09:33:27+01:00,ATT-00426,usr-020,zone_config,denied,REVOKED_CREDENTIAL
2025-09-13T10:26:50+01:00,ATT-00080,usr-014,sensor_reading,denied,REVOKED_CREDENTIAL
2025-09-13T11:39:49+01:00,ATT-00716,usr-082,zone_config,denied,REVOKED_CREDENTIAL
2025-09-13T13:53:21+01:00,ATT-00782,usr-007,audit_log,denied,REVOKED_CREDENTIAL
2025-09-13T15:03:41+01:00,ATT-00474,usr-043,zone_config,denied,REVOKED_CREDENTIAL
2025-09-13T15:52:39+01:00,ATT-00521,sns-044,provenance_log,denied,REVOKED_CREDENTIAL
2025-09-13T16:15:02+01:00,ATT-00281,sns-031,environmental_record,denied,REVOKED_CREDENTIAL
2025-09-13T16:40:11+01:00,ATT-00760,usr-015,sensor_reading,denied,REVOKED_CREDENTIAL
2025-09-13T17:03:40+01:00,ATT-00103,sns-049,zone_config,denied,REVOKED_CREDENTIAL
2025-09-13T17:06:26+01:00,ATT-00915,usr-053,provenance_log,denied,REVOKED_CREDENTIAL
2025-09-13T17:56:36+01:00,ATT-00910,usr-014,audit_log,denied,REVOKED_CREDENTIAL
2025-09-13T18:37:41+01:00,ATT-00596,usr-067,environmental_record,denied,REVOKED_CREDENTIAL
2025-09-13T21:02:48+01:00,ATT-00861,sns-040,zone_config,denied,REVOKED_CREDENTIAL
2025-09-13T21:08:22+01:00,ATT-00676,usr-106,audit_log,denied,REVOKED_CREDENTIAL
2025-09-13T21:42:49+01:00,ATT-00209,usr-039,provenance_log,denied,REVOKED_CREDENTIAL
2025-09-13T22:02:24+01:00,ATT-00445,sns-037,audit_log,denied,REVOKED_CREDENTIAL
2025-09-13T22:35:29+01:00,ATT-00628,sns-018,sensor_reading,denied,REVOKED_CREDENTIAL
2025-09-14T01:53:14+01:00,ATT-00178,sns-042,environmental_record,denied,REVOKED_CREDENTIAL
2025-09-14T04:23:38+01:00,ATT-00020,usr-048,environmental_record,denied,REVOKED_CREDENTIAL
2025-09-14T04:29:06+01:00,ATT-00904,usr-095,environmental_record,denied,REVOKED_CREDENTIAL
2025-09-14T04:31:29+01:00,ATT-00832,usr-080,sensor_reading,denied,REVOKED_CREDENTIAL
2025-09-14T04:40:33+01:00,ATT-00124,usr-043,provenance_log,denied,REVOKED_CREDENTIAL
2025-09-14T05:08:08+01:00,ATT-00273,usr-110,provenance_log,denied,REVOKED_CREDENTIAL
2025-09-14T07:16:43+01:00,ATT-00237,sns-012,zone_config,denied,REVOKED_CREDENTIAL
2025-09-14T07:23:28+01:00,ATT-00329,usr-065,sensor_reading,denied,REVOKED_CREDENTIAL
2025-09-14T07:32:51+01:00,ATT-00414,usr-067,environmental_record,denied,REVOKED_CREDENTIAL
2025-09-14T08:17:59+01:00,ATT-00906,sns-005,zone_config,denied,REVOKED_CREDENTIAL
2025-09-14T08:25:36+01:00,ATT-00460,usr-087,sensor_reading,denied,REVOKED_CREDENTIAL
2025-09-14T09:19:28+01:00,ATT-00864,sns-015,provenance_log,denied,REVOKED_CREDENTIAL
2025-09-14T11:12:10+01:00,ATT-00210,usr-105,environmental_record,denied,REVOKED_CREDENTIAL
2025-09-14T11:55:16+01:00,ATT-00586,usr-093,zone_config,denied,REVOKED_CREDENTIAL
2025-09-14T12:14:42+01:00,ATT-00512,usr-024,environmental_record,denied,REVOKED_CREDENTIAL
2025-09-14T13:01:47+01:00,ATT-00625,usr-007,sensor_reading,denied,REVOKED_CREDENTIAL
2025-09-14T13:38:31+01:00,ATT-00376,usr-093,zone_config,denied,REVOKED_CREDENTIAL
2025-09-14T14:56:44+01:00,ATT-00568,sns-024,audit_log,denied,REVOKED_CREDENTIAL
2025-09-14T16:02:42+01:00,ATT-00140,sns-012,environmental_record,denied,REVOKED_CREDENTIAL
2025-09-14T16:11:55+01:00,ATT-00710,usr-067,sensor_reading,denied,REVOKED_CREDENTIAL
2025-09-14T16:55:50+01:00,ATT-00051,usr-085,zone_config,denied,REVOKED_CREDENTIAL
2025-09-14T21:00:25+01:00,ATT-00498,usr-008,sensor_reading,denied,REVOKED_CREDENTIAL
2025-09-14T23:19:16+01:00,ATT-00396,usr-016,zone_config,denied,REVOKED_CREDENTIAL
2025-09-14T23:24:28+01:00,ATT-00960,usr-112,audit_log,denied,REVOKED_CREDENTIAL
2025-09-14T23:33:54+01:00,ATT-00406,usr-080,environmental_record,denied,REVOKED_CREDENTIAL
2025-09-15T00:09:38+01:00,ATT-00081,usr-085,sensor_reading,denied,REVOKED_CREDENTIAL
2025-09-15T02:51:44+01:00,ATT-00118,usr-016,audit_log,denied,REVOKED_CREDENTIAL
2025-09-15T03:14:35+01:00,ATT-00762,usr-041,provenance_log,denied,REVOKED_CREDENTIAL
2025-09-15T04:30:10+01:00,ATT-00041,usr-004,zone_config,denied,REVOKED_CREDENTIAL
2025-09-15T05:18:03+01:00,ATT-00886,usr-106,environmental_record,denied,REVOKED_CREDENTIAL
2025-09-15T05:41:31+01:00,ATT-00181,usr-085,zone_config,denied,REVOKED_CREDENTIAL
2025-09-15T08:25:19+01:00,ATT-00821,sns-030,sensor_reading,denied,REVOKED_CREDENTIAL
2025-09-15T09:17:05+01:00,ATT-00090,usr-079,zone_config,denied,REVOKED_CREDENTIAL
2025-09-15T10:29:32+01:00,ATT-00217,usr-093,provenance_log,denied,REVOKED_CREDENTIAL
2025-09-15T10:51:38+01:00,ATT-00885,usr-072,environmental_record,denied,REVOKED_CREDENTIAL
2025-09-15T11:58:08+01:00,ATT-00698,usr-011,sensor_reading,denied,REVOKED_CREDENTIAL
2025-09-15T11:59:48+01:00,ATT-00759,sns-005,sensor_reading,denied,REVOKED_CREDENTIAL
2025-09-15T13:33:21+01:00,ATT-00783,sns-040,sensor_reading,denied,REVOKED_CREDENTIAL
2025-09-15T14:12:47+01:00,ATT-00794,usr-049,sensor_reading,denied,REVOKED_CREDENTIAL
2025-09-15T14:56:00+01:00,ATT-00827,usr-089,zone_config,denied,REVOKED_CREDENTIAL
2025-09-15T15:17:19+01:00,ATT-00365,usr-072,sensor_reading,denied,REVOKED_CREDENTIAL
2025-09-15T15:26:28+01:00,ATT-00251,usr-063,sensor_reading,denied,REVOKED_CREDENTIAL
2025-09-15T16:01:15+01:00,ATT-00788,usr-057,environmental_record,denied,REVOKED_CREDENTIAL
2025-09-15T17:40:47+01:00,ATT-00607,usr-041,environmental_record,denied,REVOKED_CREDENTIAL
2025-09-15T19:11:50+01:00,ATT-00266,usr-087,environmental_record,denied,REVOKED_CREDENTIAL
2025-09-15T20:36:28+01:00,ATT-00580,usr-120,audit_log,denied,REVOKED_CREDENTIAL
2025-09-15T21:18:21+01:00,ATT-00635,usr-019,sensor_reading,denied,REVOKED_CREDENTIAL
2025-09-15T21:37:21+01:00,ATT-00968,usr-025,sensor_reading,denied,REVOKED_CREDENTIAL
2025-09-15T22:18:14+01:00,ATT-00722,usr-024,audit_log,denied,REVOKED_CREDENTIAL
2025-09-15T22:58:46+01:00,ATT-00632,sns-035,sensor_reading,denied,REVOKED_CREDENTIAL
2025-09-16T00:03:44+01:00,ATT-00125,usr-053,provenance_log,denied,REVOKED_CREDENTIAL
2025-09-16T00:53:36+01:00,ATT-00933,sns-014,audit_log,denied,REVOKED_CREDENTIAL
2025-09-16T01:28:49+01:00,ATT-00066,usr-009,sensor_reading,denied,REVOKED_CREDENTIAL
2025-09-16T02:01:48+01:00,ATT-00155,sns-018,audit_log,denied,REVOKED_CREDENTIAL
2025-09-16T02:29:22+01:00,ATT-00188,usr-019,environmental_record,denied,REVOKED_CREDENTIAL
2025-09-16T02:36:33+01:00,ATT-00110,usr-025,sensor_reading,denied,REVOKED_CREDENTIAL
2025-09-16T04:32:09+01:00,ATT-00771,sns-022,zone_config,denied,REVOKED_CREDENTIAL
2025-09-16T05:04:32+01:00,ATT-00289,usr-051,provenance_log,denied,REVOKED_CREDENTIAL
2025-09-16T05:26:53+01:00,ATT-00714,usr-084,zone_config,denied,REVOKED_CREDENTIAL
2025-09-16T05:36:34+01:00,ATT-00661,sns-030,environmental_record,denied,REVOKED_CREDENTIAL
2025-09-16T07:34:14+01:00,ATT-00545,usr-111,provenance_log,denied,REVOKED_CREDENTIAL
2025-09-16T07:52:26+01:00,ATT-00663,usr-115,sensor_reading,denied,REVOKED_CREDENTIAL
2025-09-16T07:54:53+01:00,ATT-00609,usr-072,sensor_reading,denied,REVOKED_CREDENTIAL
2025-09-16T08:20:59+01:00,ATT-00223,usr-051,environmental_record,denied,REVOKED_CREDENTIAL
2025-09-16T11:05:08+01:00,ATT-00278,usr-057,provenance_log,denied,REVOKED_CREDENTIAL
2025-09-16T11:44:16+01:00,ATT-00747,usr-107,zone_config,denied,REVOKED_CREDENTIAL
2025-09-16T14:02:14+01:00,ATT-00756,usr-065,provenance_log,denied,REVOKED_CREDENTIAL
2025-09-16T14:48:54+01:00,ATT-00220,usr-019,environmental_record,denied,REVOKED_CREDENTIAL
2025-09-16T15:21:08+01:00,ATT-00892,usr-001,zone_config,denied,REVOKED_CREDENTIAL
2025-09-16T15:51:42+01:00,ATT-00448,usr-120,zone_config,denied,REVOKED_CREDENTIAL
2025-09-16T16:45:56+01:00,ATT-00250,usr-062,zone_config,denied,REVOKED_CREDENTIAL
2025-09-16T17:57:34+01:00,ATT-00108,usr-051,provenance_log,denied,REVOKED_CREDENTIAL
2025-09-16T18:25:00+01:00,ATT-00599,usr-097,zone_config,denied,REVOKED_CREDENTIAL
2025-09-16T19:08:51+01:00,ATT-00678,usr-078,environmental_record,denied,REVOKED_CREDENTIAL
2025-09-16T19:18:55+01:00,ATT-00265,usr-066,audit_log,denied,REVOKED_CREDENTIAL
2025-09-16T19:19:08+01:00,ATT-00059,usr-004,zone_config,denied,REVOKED_CREDENTIAL
2025-09-16T20:03:27+01:00,ATT-00279,sns-044,environmental_record,denied,REVOKED_CREDENTIAL
2025-09-16T21:29:59+01:00,ATT-00772,sns-002,zone_config,denied,REVOKED_CREDENTIAL
2025-09-17T00:42:06+01:00,ATT-00591,usr-054,audit_log,denied,REVOKED_CREDENTIAL
2025-09-17T04:43:05+01:00,ATT-00615,usr-089,provenance_log,denied,REVOKED_CREDENTIAL
2025-09-17T05:55:05+01:00,ATT-00669,usr-004,zone_config,denied,REVOKED_CREDENTIAL
2025-09-17T06:02:30+01:00,ATT-00170,usr-036,audit_log,denied,REVOKED_CREDENTIAL
2025-09-17T06:09:58+01:00,ATT-00303,sns-005,sensor_reading,denied,REVOKED_CREDENTIAL
2025-09-17T06:25:32+01:00,ATT-00700,usr-042,zone_config,denied,REVOKED_CREDENTIAL
2025-09-17T06:43:44+01:00,ATT-00696,usr-058,sensor_reading,denied,REVOKED_CREDENTIAL
2025-09-17T08:01:26+01:00,ATT-00566,usr-025,sensor_reading,denied,REVOKED_CREDENTIAL
2025-09-17T08:25:35+01:00,ATT-00443,usr-089,audit_log,denied,REVOKED_CREDENTIAL
2025-09-17T09:22:58+01:00,ATT-00497,sns-015,sensor_reading,denied,REVOKED_CREDENTIAL
2025-09-17T09:25:34+01:00,ATT-00927,usr-110,environmental_record,denied,REVOKED_CREDENTIAL
2025-09-17T09:26:00+01:00,ATT-00352,usr-027,sensor_reading,denied,REVOKED_CREDENTIAL
2025-09-17T10:45:04+01:00,ATT-00393,usr-023,sensor_reading,denied,REVOKED_CREDENTIAL
2025-09-17T10:49:05+01:00,ATT-00256,usr-104,audit_log,denied,REVOKED_CREDENTIAL
2025-09-17T10:58:01+01:00,ATT-00430,sns-005,zone_config,denied,REVOKED_CREDENTIAL
2025-09-17T12:03:21+01:00,ATT-00925,usr-080,audit_log,denied,REVOKED_CREDENTIAL
2025-09-17T13:20:57+01:00,ATT-00338,usr-089,audit_log,denied,REVOKED_CREDENTIAL
2025-09-17T13:54:42+01:00,ATT-00441,sns-015,zone_config,denied,REVOKED_CREDENTIAL
2025-09-17T14:06:56+01:00,ATT-00346,usr-055,sensor_reading,denied,REVOKED_CREDENTIAL
2025-09-17T17:35:18+01:00,ATT-00961,usr-012,audit_log,denied,REVOKED_CREDENTIAL
2025-09-17T19:03:07+01:00,ATT-00679,usr-055,sensor_reading,denied,REVOKED_CREDENTIAL
2025-09-17T19:48:30+01:00,ATT-00483,usr-016,audit_log,denied,REVOKED_CREDENTIAL
2025-09-17T19:57:51+01:00,ATT-00114,sns-044,environmental_record,denied,REVOKED_CREDENTIAL
2025-09-17T20:08:38+01:00,ATT-00310,usr-067,environmental_record,denied,REVOKED_CREDENTIAL
2025-09-17T21:06:01+01:00,ATT-00314,usr-069,sensor_reading,denied,REVOKED_CREDENTIAL
2025-09-17T21:41:58+01:00,ATT-00964,usr-028,audit_log,denied,REVOKED_CREDENTIAL
2025-09-17T22:33:58+01:00,ATT-00484,usr-066,provenance_log,denied,REVOKED_CREDENTIAL
2025-09-17T23:07:45+01:00,ATT-00791,usr-119,environmental_record,denied,REVOKED_CREDENTIAL
2025-09-18T01:06:54+01:00,ATT-00878,usr-080,sensor_reading,denied,REVOKED_CREDENTIAL
2025-09-18T03:16:29+01:00,ATT-00477,sns-037,zone_config,denied,REVOKED_CREDENTIAL
2025-09-18T03:33:37+01:00,ATT-00457,usr-076,environmental_record,denied,REVOKED_CREDENTIAL
2025-09-18T04:59:01+01:00,ATT-00128,usr-119,environmental_record,denied,REVOKED_CREDENTIAL
2025-09-18T05:10:47+01:00,ATT-00934,sns-042,zone_config,denied,REVOKED_CREDENTIAL
2025-09-18T05:41:52+01:00,ATT-00412,usr-067,environmental_record,denied,REVOKED_CREDENTIAL
2025-09-18T06:22:12+01:00,ATT-00633,usr-017,zone_config,denied,REVOKED_CREDENTIAL
2025-09-18T07:30:07+01:00,ATT-00839,usr-007,zone_config,denied,REVOKED_CREDENTIAL
2025-09-18T07:41:56+01:00,ATT-00411,sns-002,audit_log,denied,REVOKED_CREDENTIAL
2025-09-18T08:44:06+01:00,ATT-00378,usr-049,zone_config,denied,REVOKED_CREDENTIAL
2025-09-18T10:11:25+01:00,ATT-00305,sns-016,provenance_log,denied,REVOKED_CREDENTIAL
2025-09-18T10:55:26+01:00,ATT-00093,sns-015,audit_log,denied,REVOKED_CREDENTIAL
2025-09-18T13:15:42+01:00,ATT-00845,usr-066,audit_log,denied,REVOKED_CREDENTIAL
2025-09-18T13:20:53+01:00,ATT-00058,usr-025,provenance_log,denied,REVOKED_CREDENTIAL
2025-09-18T13:23:35+01:00,ATT-00891,sns-030,sensor_reading,denied,REVOKED_CREDENTIAL
2025-09-18T13:34:05+01:00,ATT-00160,sns-046,audit_log,denied,REVOKED_CREDENTIAL
2025-09-18T15:11:04+01:00,ATT-00551,usr-039,sensor_reading,denied,REVOKED_CREDENTIAL
2025-09-18T15:57:07+01:00,ATT-00535,usr-035,zone_config,denied,REVOKED_CREDENTIAL
2025-09-18T22:21:13+01:00,ATT-00946,sns-033,provenance_log,denied,REVOKED_CREDENTIAL
2025-09-18T23:12:42+01:00,ATT-00590,usr-032,environmental_record,denied,REVOKED_CREDENTIAL
2025-09-19T01:22:23+01:00,ATT-00823,usr-023,audit_log,denied,REVOKED_CREDENTIAL
2025-09-19T05:01:49+01:00,ATT-00879,usr-030,zone_config,denied,REVOKED_CREDENTIAL
2025-09-19T05:33:37+01:00,ATT-00923,sns-014,sensor_reading,denied,REVOKED_CREDENTIAL
2025-09-19T05:48:38+01:00,ATT-00048,usr-019,environmental_record,denied,REVOKED_CREDENTIAL
2025-09-19T07:08:24+01:00,ATT-00777,usr-086,sensor_reading,denied,REVOKED_CREDENTIAL
2025-09-19T07:24:21+01:00,ATT-00257,sns-008,sensor_reading,denied,REVOKED_CREDENTIAL
2025-09-19T08:12:28+01:00,ATT-00312,usr-048,provenance_log,denied,REVOKED_CREDENTIAL
2025-09-19T09:54:06+01:00,ATT-00165,usr-069,sensor_reading,denied,REVOKED_CREDENTIAL
2025-09-19T10:20:10+01:00,ATT-00191,sns-011,sensor_reading,denied,REVOKED_CREDENTIAL
2025-09-19T11:07:23+01:00,ATT-00653,usr-089,zone_config,denied,REVOKED_CREDENTIAL
2025-09-19T11:08:52+01:00,ATT-00717,usr-054,zone_config,denied,REVOKED_CREDENTIAL
2025-09-19T13:17:31+01:00,ATT-00462,sns-002,provenance_log,denied,REVOKED_CREDENTIAL
2025-09-19T14:31:06+01:00,ATT-00052,sns-012,sensor_reading,denied,REVOKED_CREDENTIAL
2025-09-19T17:40:49+01:00,ATT-00733,usr-093,sensor_reading,denied,REVOKED_CREDENTIAL
2025-09-19T18:21:20+01:00,ATT-00608,sns-004,zone_config,denied,REVOKED_CREDENTIAL
2025-09-19T18:58:17+01:00,ATT-00493,usr-008,sensor_reading,denied,REVOKED_CREDENTIAL
2025-09-19T21:47:06+01:00,ATT-00073,usr-082,sensor_reading,denied,REVOKED_CREDENTIAL
2025-09-19T22:12:02+01:00,ATT-00447,usr-119,zone_config,denied,REVOKED_CREDENTIAL
2025-09-19T23:40:31+01:00,ATT-00274,sns-042,provenance_log,denied,REVOKED_CREDENTIAL
2025-09-19T23:42:56+01:00,ATT-00843,usr-027,zone_config,denied,REVOKED_CREDENTIAL
2025-09-20T00:33:02+01:00,ATT-00014,usr-072,environmental_record,denied,REVOKED_CREDENTIAL
2025-09-20T00:38:25+01:00,ATT-00920,usr-017,audit_log,denied,REVOKED_CREDENTIAL
2025-09-20T01:23:49+01:00,ATT-00597,usr-092,sensor_reading,denied,REVOKED_CREDENTIAL
2025-09-20T01:44:20+01:00,ATT-00875,usr-023,sensor_reading,denied,REVOKED_CREDENTIAL
2025-09-20T02:56:56+01:00,ATT-00319,usr-067,audit_log,denied,REVOKED_CREDENTIAL
2025-09-20T04:48:22+01:00,ATT-00890,usr-039,audit_log,denied,REVOKED_CREDENTIAL
2025-09-20T05:43:30+01:00,ATT-00803,sns-015,environmental_record,denied,REVOKED_CREDENTIAL
2025-09-20T05:46:46+01:00,ATT-00297,usr-096,environmental_record,denied,REVOKED_CREDENTIAL
2025-09-20T06:42:41+01:00,ATT-00774,usr-030,audit_log,denied,REVOKED_CREDENTIAL
2025-09-20T08:18:18+01:00,ATT-00028,usr-111,audit_log,denied,REVOKED_CREDENTIAL
2025-09-20T09:18:07+01:00,ATT-00113,usr-052,provenance_log,denied,REVOKED_CREDENTIAL
2025-09-20T14:44:45+01:00,ATT-00187,usr-107,provenance_log,denied,REVOKED_CREDENTIAL
2025-09-20T16:19:25+01:00,ATT-00522,usr-011,sensor_reading,denied,REVOKED_CREDENTIAL
2025-09-20T16:40:47+01:00,ATT-00806,usr-052,sensor_reading,denied,REVOKED_CREDENTIAL
2025-09-20T17:21:34+01:00,ATT-00236,usr-048,sensor_reading,denied,REVOKED_CREDENTIAL
2025-09-20T18:20:46+01:00,ATT-00268,sns-049,sensor_reading,denied,REVOKED_CREDENTIAL
2025-09-20T18:38:44+01:00,ATT-00931,sns-019,environmental_record,denied,REVOKED_CREDENTIAL
2025-09-20T19:25:22+01:00,ATT-00951,usr-086,environmental_record,denied,REVOKED_CREDENTIAL
2025-09-20T19:42:03+01:00,ATT-00229,sns-042,zone_config,denied,REVOKED_CREDENTIAL
2025-09-20T20:05:13+01:00,ATT-00374,usr-117,sensor_reading,denied,REVOKED_CREDENTIAL
2025-09-20T20:21:58+01:00,ATT-00944,usr-079,zone_config,denied,REVOKED_CREDENTIAL
2025-09-20T22:35:08+01:00,ATT-00194,usr-104,zone_config,denied,REVOKED_CREDENTIAL
2025-09-20T23:17:37+01:00,ATT-00842,usr-017,sensor_reading,denied,REVOKED_CREDENTIAL
2025-09-20T23:50:47+01:00,ATT-00914,sns-044,zone_config,denied,REVOKED_CREDENTIAL
2025-09-21T00:29:44+01:00,ATT-00344,usr-087,sensor_reading,denied,REVOKED_CREDENTIAL
2025-09-21T01:34:55+01:00,ATT-00888,sns-010,audit_log,denied,REVOKED_CREDENTIAL
2025-09-21T01:43:01+01:00,ATT-00713,usr-041,sensor_reading,denied,REVOKED_CREDENTIAL
2025-09-21T01:45:17+01:00,ATT-00242,usr-057,sensor_reading,denied,REVOKED_CREDENTIAL
2025-09-21T02:23:09+01:00,ATT-00945,usr-015,sensor_reading,denied,REVOKED_CREDENTIAL
2025-09-21T02:23:20+01:00,ATT-00908,usr-063,environmental_record,denied,REVOKED_CREDENTIAL
2025-09-21T02:24:06+01:00,ATT-00036,usr-002,sensor_reading,denied,REVOKED_CREDENTIAL
2025-09-21T02:51:21+01:00,ATT-00709,usr-109,zone_config,denied,REVOKED_CREDENTIAL
2025-09-21T03:23:19+01:00,ATT-00930,usr-113,environmental_record,denied,REVOKED_CREDENTIAL
2025-09-21T03:55:40+01:00,ATT-00410,usr-057,zone_config,denied,REVOKED_CREDENTIAL
2025-09-21T04:31:33+01:00,ATT-00787,usr-103,sensor_reading,denied,REVOKED_CREDENTIAL
2025-09-21T04:50:03+01:00,ATT-00379,usr-054,zone_config,denied,REVOKED_CREDENTIAL
2025-09-21T05:06:50+01:00,ATT-00145,sns-025,audit_log,denied,REVOKED_CREDENTIAL
2025-09-21T07:24:04+01:00,ATT-00909,sns-028,zone_config,denied,REVOKED_CREDENTIAL
2025-09-21T08:35:00+01:00,ATT-00333,usr-030,sensor_reading,denied,REVOKED_CREDENTIAL
2025-09-21T09:53:55+01:00,ATT-00069,sns-044,environmental_record,denied,REVOKED_CREDENTIAL
2025-09-21T10:57:25+01:00,ATT-00327,sns-037,zone_config,denied,REVOKED_CREDENTIAL
2025-09-21T11:02:43+01:00,ATT-00315,usr-089,zone_config,denied,REVOKED_CREDENTIAL
2025-09-21T11:28:50+01:00,ATT-00015,usr-057,zone_config,denied,REVOKED_CREDENTIAL
2025-09-21T11:42:07+01:00,ATT-00896,usr-007,sensor_reading,denied,REVOKED_CREDENTIAL
2025-09-21T12:20:08+01:00,ATT-00019,usr-104,sensor_reading,denied,REVOKED_CREDENTIAL
2025-09-21T13:26:48+01:00,ATT-00193,usr-001,sensor_reading,denied,REVOKED_CREDENTIAL
2025-09-21T15:19:07+01:00,ATT-00068,usr-030,zone_config,denied,REVOKED_CREDENTIAL
2025-09-21T16:14:59+01:00,ATT-00965,usr-001,sensor_reading,denied,REVOKED_CREDENTIAL
2025-09-21T17:05:29+01:00,ATT-00741,sns-033,sensor_reading,denied,REVOKED_CREDENTIAL
2025-09-21T17:13:30+01:00,ATT-00734,usr-079,audit_log,denied,REVOKED_CREDENTIAL
2025-09-21T17:25:53+01:00,ATT-00224,sns-022,environmental_record,denied,REVOKED_CREDENTIAL
2025-09-21T18:02:31+01:00,ATT-00211,sns-028,environmental_record,denied,REVOKED_CREDENTIAL
2025-09-21T18:03:21+01:00,ATT-00270,usr-043,provenance_log,denied,REVOKED_CREDENTIAL
2025-09-21T18:46:07+01:00,ATT-00739,usr-106,provenance_log,denied,REVOKED_CREDENTIAL
2025-09-21T18:56:43+01:00,ATT-00732,usr-072,sensor_reading,denied,REVOKED_CREDENTIAL
2025-09-21T19:36:24+01:00,ATT-00763,usr-097,zone_config,denied,REVOKED_CREDENTIAL
2025-09-21T19:58:11+01:00,ATT-00539,usr-018,environmental_record,denied,REVOKED_CREDENTIAL
2025-09-21T20:22:08+01:00,ATT-00491,usr-069,zone_config,denied,REVOKED_CREDENTIAL
2025-09-21T21:37:12+01:00,ATT-00691,usr-025,audit_log,denied,REVOKED_CREDENTIAL
2025-09-21T21:50:04+01:00,ATT-00446,usr-073,zone_config,denied,REVOKED_CREDENTIAL
2025-09-21T22:57:06+01:00,ATT-00743,usr-014,environmental_record,denied,REVOKED_CREDENTIAL
2025-09-21T23:28:05+01:00,ATT-00357,usr-037,zone_config,denied,REVOKED_CREDENTIAL
2025-09-21T23:35:05+01:00,ATT-00736,usr-006,zone_config,denied,REVOKED_CREDENTIAL
2025-09-21T23:35:08+01:00,ATT-00800,usr-027,sensor_reading,denied,REVOKED_CREDENTIAL
2025-09-21T23:39:27+01:00,ATT-00942,sns-011,environmental_record,denied,REVOKED_CREDENTIAL
2025-09-21T23:44:59+01:00,ATT-00070,sns-044,audit_log,denied,REVOKED_CREDENTIAL
2025-09-22T00:22:00+01:00,ATT-00486,usr-025,audit_log,denied,REVOKED_CREDENTIAL
2025-09-22T01:49:06+01:00,ATT-00523,sns-025,zone_config,denied,REVOKED_CREDENTIAL
2025-09-22T03:15:46+01:00,ATT-00121,usr-083,zone_config,denied,REVOKED_CREDENTIAL
2025-09-22T03:49:13+01:00,ATT-00063,usr-110,provenance_log,denied,REVOKED_CREDENTIAL
2025-09-22T04:04:48+01:00,ATT-00778,usr-052,zone_config,denied,REVOKED_CREDENTIAL
2025-09-22T04:25:15+01:00,ATT-00159,sns-004,environmental_record,denied,REVOKED_CREDENTIAL
2025-09-22T04:26:03+01:00,ATT-00009,usr-080,environmental_record,denied,REVOKED_CREDENTIAL
2025-09-22T04:27:27+01:00,ATT-00284,usr-105,provenance_log,denied,REVOKED_CREDENTIAL
2025-09-22T04:34:11+01:00,ATT-00770,usr-092,audit_log,denied,REVOKED_CREDENTIAL
2025-09-22T05:16:58+01:00,ATT-00824,usr-064,audit_log,denied,REVOKED_CREDENTIAL
2025-09-22T05:36:24+01:00,ATT-00075,sns-030,sensor_reading,denied,REVOKED_CREDENTIAL
2025-09-22T06:01:21+01:00,ATT-00023,usr-117,sensor_reading,denied,REVOKED_CREDENTIAL
2025-09-22T07:26:11+01:00,ATT-00098,usr-036,sensor_reading,denied,REVOKED_CREDENTIAL
2025-09-22T07:28:48+01:00,ATT-00811,sns-035,sensor_reading,denied,REVOKED_CREDENTIAL
2025-09-22T07:42:13+01:00,ATT-00450,usr-107,provenance_log,denied,REVOKED_CREDENTIAL
2025-09-22T08:15:58+01:00,ATT-00600,usr-051,sensor_reading,denied,REVOKED_CREDENTIAL
2025-09-22T08:16:38+01:00,ATT-00918,usr-049,environmental_record,denied,REVOKED_CREDENTIAL
2025-09-22T08:42:17+01:00,ATT-00088,usr-030,sensor_reading,denied,REVOKED_CREDENTIAL
2025-09-22T08:55:23+01:00,ATT-00437,usr-006,zone_config,denied,REVOKED_CREDENTIAL
2025-09-22T10:10:51+01:00,ATT-00385,usr-095,zone_config,denied,REVOKED_CREDENTIAL
2025-09-22T11:15:21+01:00,ATT-00328,usr-105,zone_config,denied,REVOKED_CREDENTIAL
2025-09-22T11:16:57+01:00,ATT-00654,usr-024,environmental_record,denied,REVOKED_CREDENTIAL
2025-09-22T11:19:14+01:00,ATT-00011,usr-072,provenance_log,denied,REVOKED_CREDENTIAL
2025-09-22T11:19:49+01:00,ATT-00091,usr-095,audit_log,denied,REVOKED_CREDENTIAL
2025-09-22T11:47:11+01:00,ATT-00693,usr-018,sensor_reading,denied,REVOKED_CREDENTIAL
2025-09-22T12:01:14+01:00,ATT-00577,sns-049,audit_log,denied,REVOKED_CREDENTIAL
2025-09-22T12:25:14+01:00,ATT-00060,sns-025,environmental_record,denied,REVOKED_CREDENTIAL
2025-09-22T12:56:05+01:00,ATT-00345,usr-086,sensor_reading,denied,REVOKED_CREDENTIAL
2025-09-22T13:31:44+01:00,ATT-00464,sns-004,sensor_reading,denied,REVOKED_CREDENTIAL
2025-09-22T14:43:49+01:00,ATT-00519,usr-105,audit_log,denied,REVOKED_CREDENTIAL
2025-09-22T16:39:15+01:00,ATT-00360,usr-006,provenance_log,denied,REVOKED_CREDENTIAL
2025-09-22T18:32:09+01:00,ATT-00746,usr-089,zone_config,denied,REVOKED_CREDENTIAL
2025-09-22T21:16:35+01:00,ATT-00130,sns-026,sensor_reading,denied,REVOKED_CREDENTIAL
2025-09-22T21:29:29+01:00,ATT-00083,usr-112,sensor_reading,denied,REVOKED_CREDENTIAL
2025-09-22T21:55:05+01:00,ATT-00359,usr-006,zone_config,denied,REVOKED_CREDENTIAL
2025-09-22T23:18:58+01:00,ATT-00079,usr-052,environmental_record,denied,REVOKED_CREDENTIAL
2025-09-22T23:22:59+01:00,ATT-00026,sns-019,zone_config,denied,REVOKED_CREDENTIAL
2025-09-22T23:24:26+01:00,ATT-00900,usr-062,zone_config,denied,REVOKED_CREDENTIAL
2025-09-23T01:09:43+01:00,ATT-00657,usr-028,sensor_reading,denied,REVOKED_CREDENTIAL
2025-09-23T01:37:40+01:00,ATT-00508,usr-014,environmental_record,denied,REVOKED_CREDENTIAL
2025-09-23T01:38:15+01:00,ATT-00252,usr-092,sensor_reading,denied,REVOKED_CREDENTIAL
2025-09-23T01:55:59+01:00,ATT-00295,sns-044,environmental_record,denied,REVOKED_CREDENTIAL
2025-09-23T02:03:05+01:00,ATT-00025,usr-014,sensor_reading,denied,REVOKED_CREDENTIAL
2025-09-23T03:06:08+01:00,ATT-00276,usr-072,audit_log,denied,REVOKED_CREDENTIAL
2025-09-23T04:28:29+01:00,ATT-00940,sns-044,zone_config,denied,REVOKED_CREDENTIAL
2025-09-23T05:31:32+01:00,ATT-00100,usr-119,zone_config,denied,REVOKED_CREDENTIAL
2025-09-23T08:30:18+01:00,ATT-00610,usr-068,audit_log,denied,REVOKED_CREDENTIAL
2025-09-23T08:31:55+01:00,ATT-00658,usr-050,environmental_record,denied,REVOKED_CREDENTIAL
2025-09-23T08:36:38+01:00,ATT-00555,usr-025,zone_config,denied,REVOKED_CREDENTIAL
2025-09-23T09:00:32+01:00,ATT-00835,usr-063,zone_config,denied,REVOKED_CREDENTIAL
2025-09-23T09:12:55+01:00,ATT-00750,sns-033,zone_config,denied,REVOKED_CREDENTIAL
2025-09-23T09:54:52+01:00,ATT-00943,usr-113,sensor_reading,denied,REVOKED_CREDENTIAL
2025-09-23T11:30:46+01:00,ATT-00751,usr-037,environmental_record,denied,REVOKED_CREDENTIAL
2025-09-23T11:49:24+01:00,ATT-00383,usr-018,sensor_reading,denied,REVOKED_CREDENTIAL
2025-09-23T14:10:36+01:00,ATT-00970,usr-030,zone_config,denied,REVOKED_CREDENTIAL
2025-09-23T14:28:16+01:00,ATT-00389,sns-010,provenance_log,denied,REVOKED_CREDENTIAL
2025-09-23T14:32:27+01:00,ATT-00671,usr-058,environmental_record,denied,REVOKED_CREDENTIAL
2025-09-23T17:13:22+01:00,ATT-00815,usr-054,environmental_record,denied,REVOKED_CREDENTIAL
2025-09-23T17:50:36+01:00,ATT-00167,usr-030,zone_config,denied,REVOKED_CREDENTIAL
2025-09-23T18:37:36+01:00,ATT-00249,sns-035,audit_log,denied,REVOKED_CREDENTIAL
2025-09-23T20:13:46+01:00,ATT-00682,usr-078,environmental_record,denied,REVOKED_CREDENTIAL
2025-09-23T22:59:43+01:00,ATT-00394,usr-007,sensor_reading,denied,REVOKED_CREDENTIAL
2025-09-23T23:01:46+01:00,ATT-00465,usr-055,zone_config,denied,REVOKED_CREDENTIAL
2025-09-24T00:21:48+01:00,ATT-00674,usr-066,environmental_record,denied,REVOKED_CREDENTIAL
2025-09-24T01:05:14+01:00,ATT-00403,sns-019,sensor_reading,denied,REVOKED_CREDENTIAL
2025-09-24T02:55:25+01:00,ATT-00119,usr-068,environmental_record,denied,REVOKED_CREDENTIAL
2025-09-24T03:01:57+01:00,ATT-00401,usr-041,environmental_record,denied,REVOKED_CREDENTIAL
2025-09-24T04:36:51+01:00,ATT-00805,sns-030,zone_config,denied,REVOKED_CREDENTIAL
2025-09-24T05:02:19+01:00,ATT-00755,usr-045,zone_config,denied,REVOKED_CREDENTIAL
2025-09-24T07:12:11+01:00,ATT-00897,sns-038,audit_log,denied,REVOKED_CREDENTIAL
2025-09-24T07:18:40+01:00,ATT-00339,usr-035,zone_config,denied,REVOKED_CREDENTIAL
2025-09-24T07:18:43+01:00,ATT-00572,usr-068,sensor_reading,denied,REVOKED_CREDENTIAL
2025-09-24T09:01:14+01:00,ATT-00226,sns-028,sensor_reading,denied,REVOKED_CREDENTIAL
2025-09-24T09:06:03+01:00,ATT-00175,sns-026,zone_config,denied,REVOKED_CREDENTIAL
2025-09-24T09:06:30+01:00,ATT-00699,usr-016,sensor_reading,denied,REVOKED_CREDENTIAL
2025-09-24T09:24:00+01:00,ATT-00205,usr-006,sensor_reading,denied,REVOKED_CREDENTIAL
2025-09-24T09:31:12+01:00,ATT-00168,usr-029,zone_config,denied,REVOKED_CREDENTIAL
2025-09-24T09:51:44+01:00,ATT-00076,usr-050,sensor_reading,denied,REVOKED_CREDENTIAL
2025-09-24T09:52:38+01:00,ATT-00439,sns-046,sensor_reading,denied,REVOKED_CREDENTIAL
2025-09-24T10:46:01+01:00,ATT-00195,usr-072,sensor_reading,denied,REVOKED_CREDENTIAL
2025-09-24T10:49:00+01:00,ATT-00695,sns-021,zone_config,denied,REVOKED_CREDENTIAL
2025-09-24T11:27:14+01:00,ATT-00461,usr-006,sensor_reading,denied,REVOKED_CREDENTIAL
2025-09-24T11:39:10+01:00,ATT-00876,sns-004,sensor_reading,denied,REVOKED_CREDENTIAL
2025-09-24T12:33:40+01:00,ATT-00526,usr-091,provenance_log,denied,REVOKED_CREDENTIAL
2025-09-24T12:50:48+01:00,ATT-00003,usr-032,provenance_log,denied,REVOKED_CREDENTIAL
2025-09-24T12:58:31+01:00,ATT-00212,usr-001,sensor_reading,denied,REVOKED_CREDENTIAL
2025-09-24T14:32:36+01:00,ATT-00343,usr-088,environmental_record,denied,REVOKED_CREDENTIAL
2025-09-24T14:41:11+01:00,ATT-00418,usr-030,sensor_reading,denied,REVOKED_CREDENTIAL
2025-09-24T15:26:12+01:00,ATT-00382,usr-042,environmental_record,denied,REVOKED_CREDENTIAL
2025-09-24T15:38:59+01:00,ATT-00099,sns-038,sensor_reading,denied,REVOKED_CREDENTIAL
2025-09-24T15:52:00+01:00,ATT-00816,usr-037,sensor_reading,denied,REVOKED_CREDENTIAL
2025-09-24T16:30:11+01:00,ATT-00137,usr-084,audit_log,denied,REVOKED_CREDENTIAL
2025-09-24T17:27:18+01:00,ATT-00738,usr-113,audit_log,denied,REVOKED_CREDENTIAL
2025-09-24T17:47:49+01:00,ATT-00584,usr-031,sensor_reading,denied,REVOKED_CREDENTIAL
2025-09-24T18:42:26+01:00,ATT-00177,usr-036,sensor_reading,denied,REVOKED_CREDENTIAL
2025-09-24T19:14:02+01:00,ATT-00253,sns-038,provenance_log,denied,REVOKED_CREDENTIAL
2025-09-24T19:25:54+01:00,ATT-00801,usr-006,zone_config,denied,REVOKED_CREDENTIAL
2025-09-24T19:44:01+01:00,ATT-00939,sns-033,environmental_record,denied,REVOKED_CREDENTIAL
2025-09-24T19:50:11+01:00,ATT-00230,usr-025,audit_log,denied,REVOKED_CREDENTIAL
2025-09-24T20:06:07+01:00,ATT-00802,sns-038,provenance_log,denied,REVOKED_CREDENTIAL
2025-09-24T20:14:40+01:00,ATT-00797,usr-024,zone_config,denied,REVOKED_CREDENTIAL
2025-09-24T20:24:02+01:00,ATT-00197,usr-103,environmental_record,denied,REVOKED_CREDENTIAL
2025-09-24T21:06:11+01:00,ATT-00867,sns-004,zone_config,denied,REVOKED_CREDENTIAL
2025-09-24T21:09:48+01:00,ATT-00425,usr-031,audit_log,denied,REVOKED_CREDENTIAL
2025-09-24T21:35:54+01:00,ATT-00534,usr-048,zone_config,denied,REVOKED_CREDENTIAL
2025-09-24T21:39:04+01:00,ATT-00476,usr-020,zone_config,denied,REVOKED_CREDENTIAL
2025-09-25T00:10:08+01:00,ATT-00451,usr-039,zone_config,denied,REVOKED_CREDENTIAL
2025-09-25T02:10:24+01:00,ATT-00548,usr-120,sensor_reading,denied,REVOKED_CREDENTIAL
2025-09-25T02:35:45+01:00,ATT-00588,usr-031,zone_config,denied,REVOKED_CREDENTIAL
2025-09-25T03:39:36+01:00,ATT-00919,sns-008,sensor_reading,denied,REVOKED_CREDENTIAL
2025-09-25T04:02:01+01:00,ATT-00372,sns-011,audit_log,denied,REVOKED_CREDENTIAL
2025-09-25T04:15:56+01:00,ATT-00786,usr-045,environmental_record,denied,REVOKED_CREDENTIAL
2025-09-25T04:16:50+01:00,ATT-00355,usr-050,environmental_record,denied,REVOKED_CREDENTIAL
2025-09-25T04:35:17+01:00,ATT-00156,sns-020,audit_log,denied,REVOKED_CREDENTIAL
2025-09-25T05:01:29+01:00,ATT-00813,sns-003,audit_log,denied,REVOKED_CREDENTIAL
2025-09-25T05:19:39+01:00,ATT-00546,sns-012,audit_log,denied,REVOKED_CREDENTIAL
2025-09-25T06:20:05+01:00,ATT-00724,usr-058,sensor_reading,denied,REVOKED_CREDENTIAL
2025-09-25T06:48:58+01:00,ATT-00238,usr-095,audit_log,denied,REVOKED_CREDENTIAL
2025-09-25T07:25:50+01:00,ATT-00899,sns-026,provenance_log,denied,REVOKED_CREDENTIAL
2025-09-25T07:41:49+01:00,ATT-00400,usr-119,audit_log,denied,REVOKED_CREDENTIAL
2025-09-25T07:57:44+01:00,ATT-00386,sns-027,zone_config,denied,REVOKED_CREDENTIAL
2025-09-25T08:57:14+01:00,ATT-00576,usr-006,audit_log,denied,REVOKED_CREDENTIAL
2025-09-25T09:17:59+01:00,ATT-00244,usr-061,provenance_log,denied,REVOKED_CREDENTIAL
2025-09-25T09:25:42+01:00,ATT-00587,sns-027,sensor_reading,denied,REVOKED_CREDENTIAL
2025-09-25T09:38:32+01:00,ATT-00692,sns-033,sensor_reading,denied,REVOKED_CREDENTIAL
2025-09-25T09:44:02+01:00,ATT-00765,usr-082,zone_config,denied,REVOKED_CREDENTIAL
2025-09-25T11:49:34+01:00,ATT-00831,sns-005,sensor_reading,denied,REVOKED_CREDENTIAL
2025-09-25T11:56:54+01:00,ATT-00115,usr-093,zone_config,denied,REVOKED_CREDENTIAL
2025-09-25T12:08:01+01:00,ATT-00463,sns-018,sensor_reading,denied,REVOKED_CREDENTIAL
2025-09-25T12:19:08+01:00,ATT-00630,usr-043,provenance_log,denied,REVOKED_CREDENTIAL
2025-09-25T13:53:33+01:00,ATT-00054,usr-091,audit_log,denied,REVOKED_CREDENTIAL
2025-09-25T14:57:59+01:00,ATT-00233,sns-014,sensor_reading,denied,REVOKED_CREDENTIAL
2025-09-25T15:02:33+01:00,ATT-00354,sns-004,audit_log,denied,REVOKED_CREDENTIAL
2025-09-25T17:27:56+01:00,ATT-00288,usr-016,sensor_reading,denied,REVOKED_CREDENTIAL
2025-09-25T17:33:29+01:00,ATT-00377,usr-061,environmental_record,denied,REVOKED_CREDENTIAL
2025-09-25T18:20:27+01:00,ATT-00208,usr-018,zone_config,denied,REVOKED_CREDENTIAL
2025-09-25T21:50:43+01:00,ATT-00342,usr-109,zone_config,denied,REVOKED_CREDENTIAL
2025-09-25T21:55:28+01:00,ATT-00146,usr-018,zone_config,denied,REVOKED_CREDENTIAL
2025-09-25T22:43:01+01:00,ATT-00688,usr-022,environmental_record,denied,REVOKED_CREDENTIAL
2025-09-25T23:42:30+01:00,ATT-00290,usr-004,sensor_reading,denied,REVOKED_CREDENTIAL
2025-09-26T00:03:24+01:00,ATT-00323,usr-011,zone_config,denied,REVOKED_CREDENTIAL
2025-09-26T00:13:02+01:00,ATT-00024,sns-030,sensor_reading,denied,REVOKED_CREDENTIAL
2025-09-26T00:21:04+01:00,ATT-00104,usr-057,zone_config,denied,REVOKED_CREDENTIAL
2025-09-26T00:27:47+01:00,ATT-00415,usr-063,audit_log,denied,REVOKED_CREDENTIAL
2025-09-26T01:49:33+01:00,ATT-00769,sns-002,environmental_record,denied,REVOKED_CREDENTIAL
2025-09-26T01:53:48+01:00,ATT-00833,usr-008,sensor_reading,denied,REVOKED_CREDENTIAL
2025-09-26T01:56:20+01:00,ATT-00516,usr-051,zone_config,denied,REVOKED_CREDENTIAL
2025-09-26T02:20:11+01:00,ATT-00809,sns-046,zone_config,denied,REVOKED_CREDENTIAL
2025-09-26T03:17:26+01:00,ATT-00655,sns-046,audit_log,denied,REVOKED_CREDENTIAL
2025-09-26T03:57:15+01:00,ATT-00138,usr-058,environmental_record,denied,REVOKED_CREDENTIAL
2025-09-26T04:51:37+01:00,ATT-00862,usr-111,provenance_log,denied,REVOKED_CREDENTIAL
2025-09-26T05:22:42+01:00,ATT-00287,usr-045,zone_config,denied,REVOKED_CREDENTIAL
2025-09-26T05:52:06+01:00,ATT-00529,usr-119,zone_config,denied,REVOKED_CREDENTIAL
2025-09-26T06:08:04+01:00,ATT-00761,sns-046,environmental_record,denied,REVOKED_CREDENTIAL
2025-09-26T07:27:40+01:00,ATT-00395,sns-034,provenance_log,denied,REVOKED_CREDENTIAL
2025-09-26T10:37:48+01:00,ATT-00442,usr-040,provenance_log,denied,REVOKED_CREDENTIAL
2025-09-26T12:22:02+01:00,ATT-00222,usr-059,sensor_reading,denied,REVOKED_CREDENTIAL
2025-09-26T12:33:36+01:00,ATT-00482,usr-073,environmental_record,denied,REVOKED_CREDENTIAL
2025-09-26T12:42:08+01:00,ATT-00404,sns-003,zone_config,denied,REVOKED_CREDENTIAL
2025-09-26T13:51:42+01:00,ATT-00773,usr-043,environmental_record,denied,REVOKED_CREDENTIAL
2025-09-26T13:56:30+01:00,ATT-00134,sns-012,sensor_reading,denied,REVOKED_CREDENTIAL
2025-09-26T15:41:31+01:00,ATT-00062,sns-018,environmental_record,denied,REVOKED_CREDENTIAL
2025-09-26T15:42:29+01:00,ATT-00034,usr-067,sensor_reading,denied,REVOKED_CREDENTIAL
2025-09-26T16:27:38+01:00,ATT-00617,usr-104,zone_config,denied,REVOKED_CREDENTIAL
2025-09-26T16:32:47+01:00,ATT-00214,usr-110,sensor_reading,denied,REVOKED_CREDENTIAL
2025-09-26T17:15:50+01:00,ATT-00959,usr-110,zone_config,denied,REVOKED_CREDENTIAL
2025-09-26T17:41:28+01:00,ATT-00485,usr-008,sensor_reading,denied,REVOKED_CREDENTIAL
2025-09-26T18:21:24+01:00,ATT-00013,usr-064,sensor_reading,denied,REVOKED_CREDENTIAL
2025-09-26T18:24:56+01:00,ATT-00538,usr-080,zone_config,denied,REVOKED_CREDENTIAL
2025-09-26T19:03:49+01:00,ATT-00038,usr-049,environmental_record,denied,REVOKED_CREDENTIAL
2025-09-26T20:52:49+01:00,ATT-00656,usr-061,sensor_reading,denied,REVOKED_CREDENTIAL
2025-09-26T20:57:20+01:00,ATT-00645,sns-042,provenance_log,denied,REVOKED_CREDENTIAL
2025-09-26T21:20:19+01:00,ATT-00186,sns-008,sensor_reading,denied,REVOKED_CREDENTIAL
2025-09-26T21:47:22+01:00,ATT-00767,sns-044,provenance_log,denied,REVOKED_CREDENTIAL
2025-09-26T21:59:57+01:00,ATT-00262,usr-092,sensor_reading,denied,REVOKED_CREDENTIAL
2025-09-26T23:54:08+01:00,ATT-00848,usr-058,zone_config,denied,REVOKED_CREDENTIAL
2025-09-27T00:01:55+01:00,ATT-00753,usr-029,environmental_record,denied,REVOKED_CREDENTIAL
2025-09-27T00:48:16+01:00,ATT-00705,usr-018,environmental_record,denied,REVOKED_CREDENTIAL
2025-09-27T01:59:17+01:00,ATT-00072,usr-037,provenance_log,denied,REVOKED_CREDENTIAL
2025-09-27T03:51:09+01:00,ATT-00917,usr-028,environmental_record,denied,REVOKED_CREDENTIAL
2025-09-27T06:20:43+01:00,ATT-00010,sns-037,zone_config,denied,REVOKED_CREDENTIAL
2025-09-27T06:29:21+01:00,ATT-00796,usr-076,audit_log,denied,REVOKED_CREDENTIAL
2025-09-27T06:42:15+01:00,ATT-00109,usr-006,sensor_reading,denied,REVOKED_CREDENTIAL
2025-09-27T06:53:53+01:00,ATT-00638,sns-046,provenance_log,denied,REVOKED_CREDENTIAL
2025-09-27T07:01:14+01:00,ATT-00611,usr-022,environmental_record,denied,REVOKED_CREDENTIAL
2025-09-27T07:27:04+01:00,ATT-00384,usr-031,environmental_record,denied,REVOKED_CREDENTIAL
2025-09-27T07:46:04+01:00,ATT-00537,usr-031,sensor_reading,denied,REVOKED_CREDENTIAL
2025-09-27T07:48:44+01:00,ATT-00647,usr-097,provenance_log,denied,REVOKED_CREDENTIAL
2025-09-27T10:02:37+01:00,ATT-00240,usr-053,sensor_reading,denied,REVOKED_CREDENTIAL
2025-09-27T10:54:59+01:00,ATT-00459,usr-092,sensor_reading,denied,REVOKED_CREDENTIAL
2025-09-27T11:37:59+01:00,ATT-00935,usr-037,zone_config,denied,REVOKED_CREDENTIAL
2025-09-27T12:42:09+01:00,ATT-00775,sns-026,provenance_log,denied,REVOKED_CREDENTIAL
2025-09-27T13:08:14+01:00,ATT-00135,usr-072,zone_config,denied,REVOKED_CREDENTIAL
2025-09-27T13:25:47+01:00,ATT-00489,usr-033,zone_config,denied,REVOKED_CREDENTIAL
2025-09-27T13:45:32+01:00,ATT-00766,usr-036,sensor_reading,denied,REVOKED_CREDENTIAL
2025-09-27T15:11:16+01:00,ATT-00634,usr-077,provenance_log,denied,REVOKED_CREDENTIAL
2025-09-27T15:29:51+01:00,ATT-00726,usr-037,zone_config,denied,REVOKED_CREDENTIAL
2025-09-27T17:16:34+01:00,ATT-00164,usr-037,audit_log,denied,REVOKED_CREDENTIAL
2025-09-27T17:17:15+01:00,ATT-00745,usr-054,sensor_reading,denied,REVOKED_CREDENTIAL
2025-09-27T17:23:42+01:00,ATT-00686,usr-079,provenance_log,denied,REVOKED_CREDENTIAL
2025-09-27T19:10:18+01:00,ATT-00204,usr-011,sensor_reading,denied,REVOKED_CREDENTIAL
2025-09-27T19:14:19+01:00,ATT-00907,usr-107,audit_log,denied,REVOKED_CREDENTIAL
2025-09-27T19:24:31+01:00,ATT-00828,usr-029,sensor_reading,denied,REVOKED_CREDENTIAL
2025-09-27T19:59:06+01:00,ATT-00423,usr-009,sensor_reading,denied,REVOKED_CREDENTIAL
2025-09-27T20:23:38+01:00,ATT-00932,usr-054,zone_config,denied,REVOKED_CREDENTIAL
2025-09-27T20:47:19+01:00,ATT-00956,sns-026,sensor_reading,denied,REVOKED_CREDENTIAL
2025-09-27T21:51:56+01:00,ATT-00578,usr-082,zone_config,denied,REVOKED_CREDENTIAL
2025-09-27T22:10:55+01:00,ATT-00881,usr-022,sensor_reading,denied,REVOKED_CREDENTIAL
2025-09-27T22:39:19+01:00,ATT-00182,usr-023,zone_config,denied,REVOKED_CREDENTIAL
2025-09-27T22:55:17+01:00,ATT-00171,usr-022,sensor_reading,denied,REVOKED_CREDENTIAL
2025-09-27T22:57:11+01:00,ATT-00884,usr-063,audit_log,denied,REVOKED_CREDENTIAL
2025-09-27T23:46:27+01:00,ATT-00804,usr-097,environmental_record,denied,REVOKED_CREDENTIAL
2025-09-27T23:59:20+01:00,ATT-00150,usr-052,zone_config,denied,REVOKED_CREDENTIAL
2025-09-28T01:58:39+01:00,ATT-00702,usr-011,provenance_log,denied,REVOKED_CREDENTIAL
2025-09-28T02:42:40+01:00,ATT-00495,usr-005,sensor_reading,denied,REVOKED_CREDENTIAL
2025-09-28T03:09:02+01:00,ATT-00781,sns-049,sensor_reading,denied,REVOKED_CREDENTIAL
2025-09-28T03:15:19+01:00,ATT-00583,sns-044,zone_config,denied,REVOKED_CREDENTIAL
2025-09-28T03:24:05+01:00,ATT-00850,sns-029,sensor_reading,denied,REVOKED_CREDENTIAL
2025-09-28T03:32:14+01:00,ATT-00021,usr-006,zone_config,denied,REVOKED_CREDENTIAL
2025-09-28T03:53:35+01:00,ATT-00629,usr-019,zone_config,denied,REVOKED_CREDENTIAL
2025-09-28T04:35:26+01:00,ATT-00627,usr-006,environmental_record,denied,REVOKED_CREDENTIAL
2025-09-28T05:17:43+01:00,ATT-00302,usr-064,environmental_record,denied,REVOKED_CREDENTIAL
2025-09-28T05:56:55+01:00,ATT-00308,usr-005,sensor_reading,denied,REVOKED_CREDENTIAL
2025-09-28T06:00:00+01:00,ATT-00651,sns-034,sensor_reading,denied,REVOKED_CREDENTIAL
2025-09-28T06:02:27+01:00,ATT-00922,sns-003,sensor_reading,denied,REVOKED_CREDENTIAL
2025-09-28T06:57:44+01:00,ATT-00662,usr-089,audit_log,denied,REVOKED_CREDENTIAL
2025-09-28T07:40:35+01:00,ATT-00375,usr-005,audit_log,denied,REVOKED_CREDENTIAL
2025-09-28T08:16:13+01:00,ATT-00513,usr-092,environmental_record,denied,REVOKED_CREDENTIAL
2025-09-28T09:36:21+01:00,ATT-00434,usr-061,provenance_log,denied,REVOKED_CREDENTIAL
2025-09-28T10:42:31+01:00,ATT-00126,usr-086,zone_config,denied,REVOKED_CREDENTIAL
2025-09-28T11:09:31+01:00,ATT-00870,sns-002,provenance_log,denied,REVOKED_CREDENTIAL
2025-09-28T11:25:34+01:00,ATT-00950,usr-095,sensor_reading,denied,REVOKED_CREDENTIAL
2025-09-28T12:03:40+01:00,ATT-00793,usr-041,sensor_reading,denied,REVOKED_CREDENTIAL
2025-09-28T13:18:03+01:00,ATT-00387,sns-011,sensor_reading,denied,REVOKED_CREDENTIAL
2025-09-28T13:18:11+01:00,ATT-00087,usr-037,provenance_log,denied,REVOKED_CREDENTIAL
2025-09-28T13:55:18+01:00,ATT-00838,sns-046,environmental_record,denied,REVOKED_CREDENTIAL
2025-09-28T14:40:27+01:00,ATT-00292,usr-058,zone_config,denied,REVOKED_CREDENTIAL
2025-09-28T15:12:16+01:00,ATT-00841,usr-005,zone_config,denied,REVOKED_CREDENTIAL
2025-09-28T15:23:32+01:00,ATT-00122,usr-113,provenance_log,denied,REVOKED_CREDENTIAL
2025-09-28T15:25:50+01:00,ATT-00559,sns-021,provenance_log,denied,REVOKED_CREDENTIAL
2025-09-28T15:39:13+01:00,ATT-00829,sns-044,sensor_reading,denied,REVOKED_CREDENTIAL
2025-09-28T16:30:33+01:00,ATT-00865,sns-015,zone_config,denied,REVOKED_CREDENTIAL
2025-09-28T17:21:15+01:00,ATT-00936,usr-014,audit_log,denied,REVOKED_CREDENTIAL
2025-09-28T17:21:46+01:00,ATT-00731,sns-026,zone_config,denied,REVOKED_CREDENTIAL
2025-09-28T18:06:24+01:00,ATT-00620,sns-026,sensor_reading,denied,REVOKED_CREDENTIAL
2025-09-28T18:21:57+01:00,ATT-00061,sns-034,environmental_record,denied,REVOKED_CREDENTIAL
2025-09-28T19:17:04+01:00,ATT-00246,usr-068,sensor_reading,denied,REVOKED_CREDENTIAL
2025-09-28T19:55:09+01:00,ATT-00957,sns-020,sensor_reading,denied,REVOKED_CREDENTIAL
2025-09-28T21:18:08+01:00,ATT-00431,usr-029,zone_config,denied,REVOKED_CREDENTIAL
2025-09-28T22:12:10+01:00,ATT-00001,usr-033,sensor_reading,denied,REVOKED_CREDENTIAL
2025-09-28T22:16:23+01:00,ATT-00834,usr-005,audit_log,denied,REVOKED_CREDENTIAL
2025-09-28T22:27:33+01:00,ATT-00056,usr-087,zone_config,denied,REVOKED_CREDENTIAL
2025-09-28T22:31:57+01:00,ATT-00593,sns-002,sensor_reading,denied,REVOKED_CREDENTIAL
2025-09-28T22:38:06+01:00,ATT-00560,usr-005,sensor_reading,denied,REVOKED_CREDENTIAL
2025-09-28T23:18:23+01:00,ATT-00322,usr-029,environmental_record,denied,REVOKED_CREDENTIAL
2025-09-29T00:19:42+01:00,ATT-00675,usr-109,zone_config,denied,REVOKED_CREDENTIAL
2025-09-29T01:22:37+01:00,ATT-00641,usr-005,sensor_reading,denied,REVOKED_CREDENTIAL
2025-09-29T04:04:00+01:00,ATT-00065,sns-008,zone_config,denied,REVOKED_CREDENTIAL
2025-09-29T04:28:10+01:00,ATT-00475,usr-107,environmental_record,denied,REVOKED_CREDENTIAL
2025-09-29T05:04:02+01:00,ATT-00531,usr-039,audit_log,denied,REVOKED_CREDENTIAL
2025-09-29T05:17:02+01:00,ATT-00429,usr-011,zone_config,denied,REVOKED_CREDENTIAL
2025-09-29T05:36:48+01:00,ATT-00017,sns-038,audit_log,denied,REVOKED_CREDENTIAL
2025-09-29T05:47:13+01:00,ATT-00905,usr-027,sensor_reading,denied,REVOKED_CREDENTIAL
2025-09-29T05:48:34+01:00,ATT-00283,sns-003,sensor_reading,denied,REVOKED_CREDENTIAL
2025-09-29T06:44:33+01:00,ATT-00509,usr-085,zone_config,denied,REVOKED_CREDENTIAL
2025-09-29T06:44:54+01:00,ATT-00680,usr-112,environmental_record,denied,REVOKED_CREDENTIAL
2025-09-29T08:17:11+01:00,ATT-00631,usr-008,environmental_record,denied,REVOKED_CREDENTIAL
2025-09-29T09:14:21+01:00,ATT-00133,sns-016,provenance_log,denied,REVOKED_CREDENTIAL
2025-09-29T09:31:26+01:00,ATT-00880,usr-029,audit_log,denied,REVOKED_CREDENTIAL
2025-09-29T10:57:00+01:00,ATT-00356,sns-026,zone_config,denied,REVOKED_CREDENTIAL
2025-09-29T12:59:44+01:00,ATT-00642,sns-026,zone_config,denied,REVOKED_CREDENTIAL
2025-09-29T13:20:50+01:00,ATT-00351,usr-113,sensor_reading,denied,REVOKED_CREDENTIAL
2025-09-29T13:53:23+01:00,ATT-00748,usr-034,sensor_reading,denied,REVOKED_CREDENTIAL
2025-09-29T13:54:49+01:00,ATT-00350,usr-031,audit_log,denied,REVOKED_CREDENTIAL
2025-09-29T14:03:05+01:00,ATT-00871,usr-031,audit_log,denied,REVOKED_CREDENTIAL
2025-09-29T15:13:47+01:00,ATT-00219,usr-061,provenance_log,denied,REVOKED_CREDENTIAL
2025-09-29T15:35:41+01:00,ATT-00872,usr-067,sensor_reading,denied,REVOKED_CREDENTIAL
2025-09-29T17:55:00+01:00,ATT-00858,sns-031,environmental_record,denied,REVOKED_CREDENTIAL
2025-09-29T18:08:12+01:00,ATT-00764,usr-076,environmental_record,denied,REVOKED_CREDENTIAL
2025-09-29T18:52:03+01:00,ATT-00409,usr-119,zone_config,denied,REVOKED_CREDENTIAL
2025-09-29T19:18:53+01:00,ATT-00822,sns-030,zone_config,denied,REVOKED_CREDENTIAL
2025-09-29T19:29:54+01:00,ATT-00285,sns-038,zone_config,denied,REVOKED_CREDENTIAL
2025-09-29T19:57:24+01:00,ATT-00050,usr-033,environmental_record,denied,REVOKED_CREDENTIAL
2025-09-29T21:40:59+01:00,ATT-00300,usr-068,environmental_record,denied,REVOKED_CREDENTIAL
2025-09-29T21:54:00+01:00,ATT-00852,usr-022,sensor_reading,denied,REVOKED_CREDENTIAL
2025-09-29T22:55:22+01:00,ATT-00309,usr-050,sensor_reading,denied,REVOKED_CREDENTIAL
2025-09-29T23:16:33+01:00,ATT-00428,sns-044,sensor_reading,denied,REVOKED_CREDENTIAL
2025-09-29T23:23:33+01:00,ATT-00507,usr-034,sensor_reading,denied,REVOKED_CREDENTIAL
2025-09-29T23:55:54+01:00,ATT-00808,usr-068,sensor_reading,denied,REVOKED_CREDENTIAL
2025-09-30T00:17:12+01:00,ATT-00422,usr-088,sensor_reading,denied,REVOKED_CREDENTIAL
2025-09-30T00:23:39+01:00,ATT-00874,usr-034,environmental_record,denied,REVOKED_CREDENTIAL
2025-09-30T00:27:59+01:00,ATT-00092,sns-044,environmental_record,denied,REVOKED_CREDENTIAL
2025-09-30T00:45:45+01:00,ATT-00660,sns-018,provenance_log,denied,REVOKED_CREDENTIAL
2025-09-30T00:48:19+01:00,ATT-00582,usr-109,audit_log,denied,REVOKED_CREDENTIAL
2025-09-30T00:57:44+01:00,ATT-00605,sns-041,zone_config,denied,REVOKED_CREDENTIAL
2025-09-30T01:00:13+01:00,ATT-00971,usr-107,provenance_log,denied,REVOKED_CREDENTIAL
2025-09-30T01:17:27+01:00,ATT-00235,usr-061,zone_config,denied,REVOKED_CREDENTIAL
2025-09-30T01:49:07+01:00,ATT-00254,usr-048,sensor_reading,denied,REVOKED_CREDENTIAL
2025-09-30T02:11:36+01:00,ATT-00046,sns-035,provenance_log,denied,REVOKED_CREDENTIAL
2025-09-30T02:22:18+01:00,ATT-00367,usr-080,environmental_record,denied,REVOKED_CREDENTIAL
2025-09-30T02:27:45+01:00,ATT-00440,sns-005,sensor_reading,denied,REVOKED_CREDENTIAL
2025-09-30T02:29:28+01:00,ATT-00248,usr-015,sensor_reading,denied,REVOKED_CREDENTIAL
2025-09-30T02:35:18+01:00,ATT-00180,sns-037,sensor_reading,denied,REVOKED_CREDENTIAL
2025-09-30T03:03:21+01:00,ATT-00005,sns-046,sensor_reading,denied,REVOKED_CREDENTIAL
2025-09-30T04:00:09+01:00,ATT-00392,sns-038,provenance_log,denied,REVOKED_CREDENTIAL
2025-09-30T04:57:48+01:00,ATT-00542,sns-005,sensor_reading,denied,REVOKED_CREDENTIAL
2025-09-30T05:03:28+01:00,ATT-00564,usr-034,sensor_reading,denied,REVOKED_CREDENTIAL
2025-09-30T06:51:50+01:00,ATT-00735,usr-005,environmental_record,denied,REVOKED_CREDENTIAL
2025-09-30T07:26:12+01:00,ATT-00473,usr-064,sensor_reading,denied,REVOKED_CREDENTIAL
2025-09-30T07:43:16+01:00,ATT-00032,usr-109,zone_config,denied,REVOKED_CREDENTIAL
2025-09-30T08:07:59+01:00,ATT-00364,sns-041,sensor_reading,denied,REVOKED_CREDENTIAL
2025-09-30T08:12:07+01:00,ATT-00749,sns-028,audit_log,denied,REVOKED_CREDENTIAL
2025-09-30T09:45:01+01:00,ATT-00544,sns-024,zone_config,denied,REVOKED_CREDENTIAL
2025-09-30T10:24:45+01:00,ATT-00337,usr-006,provenance_log,denied,REVOKED_CREDENTIAL
2025-09-30T11:13:02+01:00,ATT-00111,sns-037,sensor_reading,denied,REVOKED_CREDENTIAL
2025-09-30T14:09:39+01:00,ATT-00670,usr-025,zone_config,denied,REVOKED_CREDENTIAL
2025-09-30T15:43:21+01:00,ATT-00603,usr-016,zone_config,denied,REVOKED_CREDENTIAL
2025-09-30T16:05:39+01:00,ATT-00604,sns-016,audit_log,denied,REVOKED_CREDENTIAL
2025-09-30T16:45:04+01:00,ATT-00147,usr-093,zone_config,denied,REVOKED_CREDENTIAL
2025-09-30T17:39:54+01:00,ATT-00435,sns-044,zone_config,denied,REVOKED_CREDENTIAL
2025-09-30T17:47:33+01:00,ATT-00030,sns-024,environmental_record,denied,REVOKED_CREDENTIAL
2025-09-30T18:49:43+01:00,ATT-00502,usr-102,zone_config,denied,REVOKED_CREDENTIAL
2025-09-30T21:23:00+01:00,ATT-00966,usr-041,provenance_log,denied,REVOKED_CREDENTIAL
2025-09-30T21:25:33+01:00,ATT-00391,sns-002,sensor_reading,denied,REVOKED_CREDENTIAL
2025-09-30T21:36:02+01:00,ATT-00856,usr-032,audit_log,denied,REVOKED_CREDENTIAL
2025-09-30T21:51:29+01:00,ATT-00776,usr-072,environmental_record,denied,REVOKED_CREDENTIAL
2025-09-30T22:23:49+01:00,ATT-00341,usr-008,sensor_reading,denied,REVOKED_CREDENTIAL
2025-09-30T23:33:36+01:00,ATT-00517,usr-005,provenance_log,denied,REVOKED_CREDENTIAL
