event_id,cert_user_id,stage_name,stage_timestamp,status
REV-029,usr-117,propagation_complete,2025-08-04T04:17:05+01:00,completed
REV-038,usr-083,gossip,2025-08-04T08:37:27+01:00,delayed
REV-125,usr-096,propagation_complete,2025-08-04T16:25:15+01:00,completed
REV-125,usr-096,publish,2025-08-04T16:26:34+01:00,completed
REV-125,usr-096,gossip,2025-08-04T16:29:59+01:00,completed
REV-009,sns-027,propagation_complete,2025-08-04T17:48:15+01:00,completed
REV-015,sns-021,publish,2025-08-06T05:32:10+01:00,completed
REV-037,sns-029,cache_invalidation,2025-08-06T14:00:47+01:00,completed
REV-026,usr-097,propagation_complete,2025-08-07T01:03:51+01:00,delayed
REV-018,usr-016,cache_invalidation,2025-08-07T18:46:07+01:00,delayed
REV-086,usr-020,gossip,2025-08-07T22:55:41+01:00,completed
REV-091,usr-055,gossip,2025-08-08T07:45:44+01:00,delayed
REV-033,usr-087,gossip,2025-08-09T13:18:59+01:00,completed
REV-087,usr-059,propagation_complete,2025-08-10T19:05:49+01:00,completed
REV-006,sns-016,propagation_complete,2025-08-11T02:53:06+01:00,completed
REV-006,sns-016,cache_invalidation,2025-08-11T02:56:37+01:00,completed
REV-089,usr-084,propagation_complete,2025-08-11T06:31:01+01:00,delayed
REV-131,usr-004,propagation_complete,2025-08-11T14:01:19+01:00,completed
REV-131,usr-004,cache_invalidation,2025-08-11T14:04:34+01:00,completed
REV-131,usr-004,publish,2025-08-11T14:10:58+01:00,delayed
REV-114,usr-115,gossip,2025-08-11T20:13:21+01:00,delayed
REV-031,usr-048,cache_invalidation,2025-08-12T00:19:26+01:00,completed
REV-001,usr-009,gossip,2025-08-13T00:52:19+01:00,delayed
REV-074,sns-010,gossip,2025-08-13T07:59:43+01:00,completed
REV-062,usr-102,gossip,2025-08-13T16:37:43+01:00,completed
REV-129,usr-118,gossip,2025-08-14T07:29:49+01:00,completed
REV-129,usr-118,publish,2025-08-14T07:31:05+01:00,completed
REV-035,usr-069,propagation_complete,2025-08-14T08:34:33+01:00,completed
REV-035,usr-069,publish,2025-08-14T08:35:35+01:00,completed
REV-057,usr-033,gossip,2025-08-14T09:15:04+01:00,completed
REV-057,usr-033,publish,2025-08-14T09:16:16+01:00,completed
REV-057,usr-033,cache_invalidation,2025-08-14T09:19:31+01:00,completed
REV-123,usr-091,publish,2025-08-14T10:23:45+01:00,delayed
REV-123,usr-091,gossip,2025-08-14T10:28:04+01:00,completed
REV-084,sns-035,cache_invalidation,2025-08-14T10:37:18+01:00,completed
REV-123,usr-091,cache_invalidation,2025-08-14T10:44:04+01:00,delayed
REV-099,usr-062,cache_invalidation,2025-08-14T11:04:18+01:00,delayed
REV-045,usr-039,gossip,2025-08-15T09:40:23+01:00,completed
REV-051,usr-085,gossip,2025-08-17T02:44:17+01:00,delayed
REV-073,usr-095,propagation_complete,2025-08-17T03:08:27+01:00,completed
REV-095,usr-035,publish,2025-08-17T03:58:35+01:00,completed
REV-010,usr-088,publish,2025-08-17T04:35:38+01:00,delayed
REV-055,sns-042,cache_invalidation,2025-08-17T04:42:58+01:00,completed
REV-055,sns-042,publish,2025-08-17T04:44:15+01:00,completed
REV-106,usr-078,publish,2025-08-17T04:55:00+01:00,delayed
REV-070,usr-026,publish,2025-08-17T04:56:27+01:00,completed
REV-111,usr-028,gossip,2025-08-17T05:01:00+01:00,completed
REV-122,usr-063,cache_invalidation,2025-08-17T05:10:45+01:00,completed
REV-096,usr-053,cache_invalidation,2025-08-17T05:11:14+01:00,completed
REV-122,usr-063,gossip,2025-08-17T05:15:15+01:00,completed
REV-054,sns-009,gossip,2025-08-17T05:17:05+01:00,completed
REV-118,usr-008,cache_invalidation,2025-08-17T05:23:43+01:00,completed
REV-025,sns-018,gossip,2025-08-17T05:55:16+01:00,completed
REV-025,sns-018,propagation_complete,2025-08-17T06:20:07+01:00,delayed
REV-025,sns-018,publish,2025-08-17T06:23:26+01:00,delayed
REV-132,usr-065,publish,2025-08-17T16:17:40+01:00,completed
REV-050,usr-080,propagation_complete,2025-08-18T02:13:03+01:00,completed
REV-050,usr-080,gossip,2025-08-18T02:17:24+01:00,completed
REV-017,usr-014,gossip,2025-08-19T16:32:44+01:00,delayed
REV-017,usr-014,publish,2025-08-19T16:33:54+01:00,completed
REV-061,usr-076,cache_invalidation,2025-08-21T13:58:46+01:00,delayed
REV-071,sns-022,publish,2025-08-22T00:28:19+01:00,completed
REV-075,sns-012,propagation_complete,2025-08-22T18:50:47+01:00,delayed
REV-113,usr-001,publish,2025-08-22T20:29:26+01:00,completed
REV-039,usr-111,publish,2025-08-23T04:52:29+01:00,delayed
REV-041,sns-034,cache_invalidation,2025-08-23T10:04:17+01:00,delayed
REV-103,sns-005,publish,2025-08-23T12:24:35+01:00,completed
REV-103,sns-005,gossip,2025-08-23T12:28:54+01:00,completed
REV-023,usr-002,cache_invalidation,2025-08-23T12:42:34+01:00,completed
REV-094,usr-093,publish,2025-08-23T13:06:11+01:00,delayed
REV-069,usr-032,cache_invalidation,2025-08-23T13:14:52+01:00,completed
REV-088,usr-012,publish,2025-08-23T13:32:19+01:00,completed
REV-124,usr-112,propagation_complete,2025-08-23T13:46:33+01:00,completed
REV-124,usr-112,cache_invalidation,2025-08-23T13:50:13+01:00,completed
REV-117,usr-077,propagation_complete,2025-08-23T13:53:08+01:00,completed
REV-124,usr-112,gossip,2025-08-23T13:53:53+01:00,completed
REV-043,sns-040,propagation_complete,2025-08-23T14:00:40+01:00,delayed
REV-117,usr-077,gossip,2025-08-23T14:12:45+01:00,delayed
REV-117,usr-077,publish,2025-08-23T14:17:49+01:00,delayed
REV-024,usr-066,gossip,2025-08-23T14:29:32+01:00,completed
REV-012,sns-020,publish,2025-08-23T14:34:47+01:00,delayed
REV-034,usr-073,propagation_complete,2025-08-23T14:50:10+01:00,completed
REV-107,usr-036,propagation_complete,2025-08-23T14:51:26+01:00,completed
REV-012,sns-020,propagation_complete,2025-08-23T14:54:35+01:00,delayed
REV-107,usr-036,cache_invalidation,2025-08-23T14:54:59+01:00,completed
REV-046,usr-007,propagation_complete,2025-08-23T15:04:06+01:00,delayed
REV-065,usr-042,propagation_complete,2025-08-23T15:11:10+01:00,completed
REV-072,usr-045,cache_invalidation,2025-08-23T15:25:31+01:00,delayed
REV-104,usr-041,publish,2025-08-23T15:25:42+01:00,completed
REV-079,usr-050,gossip,2025-08-23T15:29:49+01:00,completed
REV-072,usr-045,publish,2025-08-23T15:30:14+01:00,delayed
REV-076,usr-104,propagation_complete,2025-08-23T15:32:43+01:00,completed
REV-072,usr-045,gossip,2025-08-23T15:34:33+01:00,completed
REV-079,usr-050,propagation_complete,2025-08-23T15:34:41+01:00,completed
REV-121,usr-017,publish,2025-08-23T23:43:22+01:00,completed
REV-044,usr-052,propagation_complete,2025-08-23T23:44:53+01:00,completed
REV-121,usr-017,cache_invalidation,2025-08-23T23:52:35+01:00,delayed
REV-121,usr-017,propagation_complete,2025-08-23T23:57:55+01:00,completed
REV-126,usr-079,publish,2025-08-24T00:14:27+01:00,completed
REV-027,sns-019,cache_invalidation,2025-08-24T00:33:55+01:00,completed
REV-082,usr-049,publish,2025-08-24T01:33:10+01:00,completed
REV-092,sns-031,propagation_complete,2025-08-24T01:37:28+01:00,completed
REV-127,sns-041,propagation_complete,2025-08-24T01:47:26+01:00,delayed
REV-109,usr-057,publish,2025-08-24T01:48:23+01:00,delayed
REV-109,usr-057,propagation_complete,2025-08-24T01:53:06+01:00,completed
REV-109,usr-057,cache_invalidation,2025-08-24T01:58:36+01:00,delayed
REV-059,usr-103,propagation_complete,2025-08-24T02:13:40+01:00,delayed
REV-101,usr-043,gossip,2025-08-24T02:33:55+01:00,completed
REV-060,usr-120,publish,2025-08-24T16:37:10+01:00,delayed
REV-060,usr-120,gossip,2025-08-24T16:41:34+01:00,completed
REV-060,usr-120,propagation_complete,2025-08-24T16:46:31+01:00,completed
REV-063,sns-033,cache_invalidation,2025-08-24T19:26:15+01:00,completed
REV-112,usr-105,publish,2025-08-25T20:11:30+01:00,completed
REV-112,usr-105,gossip,2025-08-25T20:15:35+01:00,completed
REV-112,usr-105,cache_invalidation,2025-08-25T20:18:56+01:00,completed
REV-032,usr-107,cache_invalidation,2025-08-25T21:52:28+01:00,completed
REV-056,usr-064,cache_invalidation,2025-08-28T13:54:40+01:00,completed
REV-056,usr-064,gossip,2025-08-28T13:58:22+01:00,completed
REV-097,usr-024,gossip,2025-08-30T00:49:50+01:00,completed
REV-098,sns-008,propagation_complete,2025-08-30T10:10:13+01:00,completed
REV-028,usr-011,cache_invalidation,2025-08-30T15:42:49+01:00,completed
REV-028,usr-011,gossip,2025-08-30T15:51:08+01:00,delayed
REV-028,usr-011,propagation_complete,2025-08-30T15:55:23+01:00,completed
REV-120,usr-019,cache_invalidation,2025-08-31T10:54:34+01:00,completed
REV-120,usr-019,propagation_complete,2025-08-31T10:59:48+01:00,completed
REV-049,sns-024,propagation_complete,2025-08-31T23:13:33+01:00,completed
REV-049,sns-024,gossip,2025-08-31T23:17:42+01:00,completed
REV-047,usr-106,publish,2025-09-01T00:03:58+01:00,completed
REV-020,usr-082,propagation_complete,2025-09-01T01:58:34+01:00,completed
REV-130,sns-002,publish,2025-09-02T23:43:11+01:00,completed
REV-130,sns-002,cache_invalidation,2025-09-02T23:46:29+01:00,completed
REV-130,sns-002,propagation_complete,2025-09-03T00:00:10+01:00,delayed
REV-115,usr-054,gossip,2025-09-04T04:28:25+01:00,completed
REV-011,sns-025,propagation_complete,2025-09-04T06:05:28+01:00,completed
REV-081,sns-049,publish,2025-09-05T11:16:20+01:00,delayed
REV-085,usr-040,publish,2025-09-06T11:20:23+01:00,completed
REV-085,usr-040,gossip,2025-09-06T11:25:01+01:00,completed
REV-013,usr-051,cache_invalidation,2025-09-06T16:10:05+01:00,delayed
REV-083,usr-110,publish,2025-09-06T23:05:20+01:00,completed
REV-058,usr-072,gossip,2025-09-07T04:13:41+01:00,completed
REV-058,usr-072,propagation_complete,2025-09-07T04:27:22+01:00,delayed
REV-093,usr-015,propagation_complete,2025-09-07T10:01:27+01:00,delayed
REV-077,usr-030,publish,2025-09-08T14:06:16+01:00,completed
REV-003,sns-044,publish,2025-09-09T13:10:16+01:00,completed
REV-003,sns-044,gossip,2025-09-09T13:30:42+01:00,delayed
REV-036,usr-109,gossip,2025-09-09T14:23:37+01:00,completed
REV-008,sns-015,gossip,2025-09-10T04:34:16+01:00,completed
REV-105,sns-030,publish,2025-09-10T05:42:11+01:00,completed
REV-105,sns-030,gossip,2025-09-10T05:46:57+01:00,completed
REV-116,sns-037,propagation_complete,2025-09-10T07:24:41+01:00,completed
REV-128,sns-014,publish,2025-09-10T08:48:26+01:00,completed
REV-128,sns-014,propagation_complete,2025-09-10T08:53:01+01:00,completed
REV-128,sns-014,cache_invalidation,2025-09-10T08:56:30+01:00,completed
REV-066,sns-028,gossip,2025-09-10T09:25:11+01:00,delayed
REV-066,sns-028,propagation_complete,2025-09-10T09:29:47+01:00,completed
REV-066,sns-028,publish,2025-09-10T09:33:48+01:00,delayed
REV-090,sns-011,propagation_complete,2025-09-11T01:00:42+01:00,completed
REV-090,sns-011,publish,2025-09-11T01:04:34+01:00,delayed
REV-090,sns-011,cache_invalidation,2025-09-11T01:22:26+01:00,delayed
REV-052,usr-025,publish,2025-09-13T17:00:18+01:00,completed
REV-016,usr-067,propagation_complete,2025-09-13T17:17:50+01:00,completed
REV-016,usr-067,cache_invalidation,2025-09-13T17:30:52+01:00,delayed
REV-016,usr-067,gossip,2025-09-13T17:36:26+01:00,delayed
REV-021,sns-004,cache_invalidation,2025-09-13T22:17:10+01:00,delayed
REV-021,sns-004,gossip,2025-09-13T22:22:37+01:00,delayed
REV-019,usr-089,publish,2025-09-14T06:20:09+01:00,completed
REV-110,usr-031,publish,2025-09-14T06:39:39+01:00,delayed
REV-040,usr-027,cache_invalidation,2025-09-14T08:26:56+01:00,completed
REV-005,usr-058,gossip,2025-09-15T10:31:20+01:00,completed
REV-053,usr-023,gossip,2025-09-17T01:41:03+01:00,delayed
REV-078,usr-119,publish,2025-09-17T13:57:26+01:00,delayed
REV-078,usr-119,propagation_complete,2025-09-17T14:03:21+01:00,completed
REV-078,usr-119,gossip,2025-09-17T14:07:50+01:00,completed
REV-080,sns-046,propagation_complete,2025-09-17T19:28:38+01:00,completed
REV-007,usr-086,gossip,2025-09-18T02:57:29+01:00,completed
REV-007,usr-086,cache_invalidation,2025-09-18T03:01:26+01:00,completed
REV-030,usr-092,gossip,2025-09-19T22:43:10+01:00,completed
REV-108,usr-018,publish,2025-09-20T18:10:31+01:00,completed
REV-108,usr-018,gossip,2025-09-20T18:15:00+01:00,completed
REV-108,usr-018,cache_invalidation,2025-09-20T18:30:22+01:00,delayed
REV-119,usr-113,cache_invalidation,2025-09-20T21:01:45+01:00,completed
REV-067,usr-061,propagation_complete,2025-09-21T12:48:41+01:00,completed
REV-002,usr-006,cache_invalidation,2025-09-21T19:54:49+01:00,completed
REV-022,usr-068,cache_invalidation,2025-09-21T19:55:51+01:00,completed
REV-022,usr-068,propagation_complete,2025-09-21T20:26:02+01:00,delayed
REV-022,usr-068,publish,2025-09-21T20:27:13+01:00,completed
REV-042,usr-037,publish,2025-09-21T20:55:57+01:00,completed
REV-042,usr-037,propagation_complete,2025-09-21T21:01:02+01:00,completed
REV-042,usr-037,gossip,2025-09-21T21:05:44+01:00,completed
REV-064,sns-026,gossip,2025-09-22T15:57:26+01:00,completed
REV-068,sns-038,publish,2025-09-22T22:01:20+01:00,completed
REV-014,sns-003,publish,2025-09-23T22:39:10+01:00,completed
REV-102,usr-029,gossip,2025-09-24T04:08:12+01:00,completed
REV-102,usr-029,cache_invalidation,2025-09-24T04:11:51+01:00,completed
REV-102,usr-029,propagation_complete,2025-09-24T04:17:07+01:00,completed
REV-100,usr-022,publish,2025-09-24T17:38:48+01:00,completed
REV-004,usr-034,cache_invalidation,2025-09-27T09:14:16+01:00,completed
REV-004,usr-034,publish,2025-09-27T09:18:29+01:00,delayed
REV-048,usr-005,propagation_complete,2025-09-27T12:59:07+01:00,completed
REV-048,usr-005,gossip,2025-09-27T13:03:54+01:00,completed
